plain_english_result,chain,chain_id,chunk,contract,chain_mint_number,chunk_mint_number,airdrop_type,asset_category,asset_category_id,asset_product_name,asset_upc,v4_asset_token_id,v6_asset_token_id,recipient_address,asset_source_owner_from_raw,worn_by_banny_v4_token_id,worn_by_banny_v6_token_id,worn_by_banny_product_name,outfitted_banny_recipient_address,notes
"0x2aa64E6d80390F5C017F0313cB908051BE2FD35e receives an Orange Banny on Work Station background wearing Flops, Jonny Utah Shirt, Natty Dred, and Lightsaber.",Arbitrum,42161,1,AirdropV4BannysArbitrum1,1,1,outfitted_banny_body,Banny body,0,Orange,3,3000000001,3000000001,0x2aa64E6d80390F5C017F0313cB908051BE2FD35e,0x2aa64E6d80390F5C017F0313cB908051BE2FD35e,3000000001,3000000001,Orange,0x2aa64E6d80390F5C017F0313cB908051BE2FD35e,Body transferred after dressing.
0x7C3F14075F6477fea1aF6cf59f325afDfcD3Ddf7 receives an Orange Banny with no outfit.,Arbitrum,42161,1,AirdropV4BannysArbitrum1,2,2,banny_body,Banny body,0,Orange,3,3000000002,3000000002,0x7C3F14075F6477fea1aF6cf59f325afDfcD3Ddf7,0x7C3F14075F6477fea1aF6cf59f325afDfcD3Ddf7,3000000002,3000000002,Orange,0x7C3F14075F6477fea1aF6cf59f325afDfcD3Ddf7,Body transferred naked.
0x1C51517d8277C9aD6d701Fb5394ceC0C18219eDb receives an Original Banny with no outfit.,Arbitrum,42161,1,AirdropV4BannysArbitrum1,3,3,banny_body,Banny body,0,Original,4,4000000001,4000000001,0x1C51517d8277C9aD6d701Fb5394ceC0C18219eDb,0x1C51517d8277C9aD6d701Fb5394ceC0C18219eDb,4000000001,4000000001,Original,0x1C51517d8277C9aD6d701Fb5394ceC0C18219eDb,Body transferred naked.
0xfD282d9f4d06C4BDc6a41af1Ae920A0AD70D18a3 receives an Original Banny with no outfit.,Arbitrum,42161,1,AirdropV4BannysArbitrum1,4,4,banny_body,Banny body,0,Original,4,4000000002,4000000002,0xfD282d9f4d06C4BDc6a41af1Ae920A0AD70D18a3,0xfD282d9f4d06C4BDc6a41af1Ae920A0AD70D18a3,4000000002,4000000002,Original,0xfD282d9f4d06C4BDc6a41af1Ae920A0AD70D18a3,Body transferred naked.
"0x2aa64E6d80390F5C017F0313cB908051BE2FD35e receives an Orange Banny on Work Station background wearing Flops, Jonny Utah Shirt, Natty Dred, and Lightsaber.",Arbitrum,42161,1,AirdropV4BannysArbitrum1,5,5,worn_background,Background,1,Work Station,5,5000000001,5000000001,0x2aa64E6d80390F5C017F0313cB908051BE2FD35e,0xa5F8911d4CFd60a6697479f078409434424fe666,3000000001,3000000001,Orange,0x2aa64E6d80390F5C017F0313cB908051BE2FD35e,Background is worn by the Banny; the outfitted Banny is transferred to recipient.
"0x2aa64E6d80390F5C017F0313cB908051BE2FD35e receives an Orange Banny on Work Station background wearing Flops, Jonny Utah Shirt, Natty Dred, and Lightsaber.",Arbitrum,42161,1,AirdropV4BannysArbitrum1,6,6,worn_outfit,Legs,7,Flops,19,19000000001,19000000001,0x2aa64E6d80390F5C017F0313cB908051BE2FD35e,0xa5F8911d4CFd60a6697479f078409434424fe666,3000000001,3000000001,Orange,0x2aa64E6d80390F5C017F0313cB908051BE2FD35e,Outfit is worn by the Banny; the outfitted Banny is transferred to recipient.
"0x2aa64E6d80390F5C017F0313cB908051BE2FD35e receives an Orange Banny on Work Station background wearing Flops, Jonny Utah Shirt, Natty Dred, and Lightsaber.",Arbitrum,42161,1,AirdropV4BannysArbitrum1,7,7,worn_outfit,Suit top,10,Jonny Utah Shirt,25,25000000001,25000000001,0x2aa64E6d80390F5C017F0313cB908051BE2FD35e,0xa5F8911d4CFd60a6697479f078409434424fe666,3000000001,3000000001,Orange,0x2aa64E6d80390F5C017F0313cB908051BE2FD35e,Outfit is worn by the Banny; the outfitted Banny is transferred to recipient.
"0x2aa64E6d80390F5C017F0313cB908051BE2FD35e receives an Orange Banny on Work Station background wearing Flops, Jonny Utah Shirt, Natty Dred, and Lightsaber.",Arbitrum,42161,1,AirdropV4BannysArbitrum1,8,8,worn_outfit,Head top,11,Natty Dred,38,38000000001,38000000001,0x2aa64E6d80390F5C017F0313cB908051BE2FD35e,0xa5F8911d4CFd60a6697479f078409434424fe666,3000000001,3000000001,Orange,0x2aa64E6d80390F5C017F0313cB908051BE2FD35e,Outfit is worn by the Banny; the outfitted Banny is transferred to recipient.
"0x2aa64E6d80390F5C017F0313cB908051BE2FD35e receives an Orange Banny on Work Station background wearing Flops, Jonny Utah Shirt, Natty Dred, and Lightsaber.",Arbitrum,42161,1,AirdropV4BannysArbitrum1,9,9,worn_outfit,Fist,12,Lightsaber,47,47000000001,47000000001,0x2aa64E6d80390F5C017F0313cB908051BE2FD35e,0xa5F8911d4CFd60a6697479f078409434424fe666,3000000001,3000000001,Orange,0x2aa64E6d80390F5C017F0313cB908051BE2FD35e,Outfit is worn by the Banny; the outfitted Banny is transferred to recipient.
"0x08B3e694caA2F1fcF8eF71095CED1326f3454B89 receives an Original Banny on Hay Field background wearing Nerd Glasses, Flops, and Irie Shirt.",Arbitrum,42161,2,AirdropV4BannysArbitrum2,10,1,outfitted_banny_body,Banny body,0,Original,4,4000000003,4000000003,0x08B3e694caA2F1fcF8eF71095CED1326f3454B89,0x08B3e694caA2F1fcF8eF71095CED1326f3454B89,4000000003,4000000003,Original,0x08B3e694caA2F1fcF8eF71095CED1326f3454B89,Body transferred after dressing.
0x9fDf876a50EA8f95017dCFC7709356887025B5BB receives an Original Banny wearing Astronaut Head and Astronaut Suit.,Arbitrum,42161,2,AirdropV4BannysArbitrum2,11,2,outfitted_banny_body,Banny body,0,Original,4,4000000004,4000000004,0x9fDf876a50EA8f95017dCFC7709356887025B5BB,0x9fDf876a50EA8f95017dCFC7709356887025B5BB,4000000004,4000000004,Original,0x9fDf876a50EA8f95017dCFC7709356887025B5BB,Body transferred after dressing.
0x187089B33E5812310Ed32A57F53B3fAD0383a19D receives an Original Banny wearing Zucco Tshirt and Dagger.,Arbitrum,42161,2,AirdropV4BannysArbitrum2,12,3,outfitted_banny_body,Banny body,0,Original,4,4000000005,4000000005,0x187089B33E5812310Ed32A57F53B3fAD0383a19D,0x187089B33E5812310Ed32A57F53B3fAD0383a19D,4000000005,4000000005,Original,0x187089B33E5812310Ed32A57F53B3fAD0383a19D,Body transferred after dressing.
0xc6404f24DB2f573F07F3A60758765caad198c0c3 receives an Original Banny with no outfit.,Arbitrum,42161,2,AirdropV4BannysArbitrum2,13,4,banny_body,Banny body,0,Original,4,4000000006,4000000006,0xc6404f24DB2f573F07F3A60758765caad198c0c3,0xc6404f24DB2f573F07F3A60758765caad198c0c3,4000000006,4000000006,Original,0xc6404f24DB2f573F07F3A60758765caad198c0c3,Body transferred naked.
"0x08B3e694caA2F1fcF8eF71095CED1326f3454B89 receives an Original Banny on Hay Field background wearing Nerd Glasses, Flops, and Irie Shirt.",Arbitrum,42161,2,AirdropV4BannysArbitrum2,14,5,worn_background,Background,1,Hay Field,6,6000000001,6000000001,0x08B3e694caA2F1fcF8eF71095CED1326f3454B89,0xa5F8911d4CFd60a6697479f078409434424fe666,4000000003,4000000003,Original,0x08B3e694caA2F1fcF8eF71095CED1326f3454B89,Background is worn by the Banny; the outfitted Banny is transferred to recipient.
0x9fDf876a50EA8f95017dCFC7709356887025B5BB receives an Original Banny wearing Astronaut Head and Astronaut Suit.,Arbitrum,42161,2,AirdropV4BannysArbitrum2,15,6,worn_outfit,Head,4,Astronaut Head,10,10000000001,10000000001,0x9fDf876a50EA8f95017dCFC7709356887025B5BB,0xa5F8911d4CFd60a6697479f078409434424fe666,4000000004,4000000004,Original,0x9fDf876a50EA8f95017dCFC7709356887025B5BB,Outfit is worn by the Banny; the outfitted Banny is transferred to recipient.
"0x08B3e694caA2F1fcF8eF71095CED1326f3454B89 receives an Original Banny on Hay Field background wearing Nerd Glasses, Flops, and Irie Shirt.",Arbitrum,42161,2,AirdropV4BannysArbitrum2,16,7,worn_outfit,Glasses,5,Nerd Glasses,11,11000000001,11000000001,0x08B3e694caA2F1fcF8eF71095CED1326f3454B89,0xa5F8911d4CFd60a6697479f078409434424fe666,4000000003,4000000003,Original,0x08B3e694caA2F1fcF8eF71095CED1326f3454B89,Outfit is worn by the Banny; the outfitted Banny is transferred to recipient.
"0x08B3e694caA2F1fcF8eF71095CED1326f3454B89 receives an Original Banny on Hay Field background wearing Nerd Glasses, Flops, and Irie Shirt.",Arbitrum,42161,2,AirdropV4BannysArbitrum2,17,8,worn_outfit,Legs,7,Flops,19,19000000003,19000000002,0x08B3e694caA2F1fcF8eF71095CED1326f3454B89,0xa5F8911d4CFd60a6697479f078409434424fe666,4000000003,4000000003,Original,0x08B3e694caA2F1fcF8eF71095CED1326f3454B89,Outfit is worn by the Banny; the outfitted Banny is transferred to recipient.
0x9fDf876a50EA8f95017dCFC7709356887025B5BB receives an Original Banny wearing Astronaut Head and Astronaut Suit.,Arbitrum,42161,2,AirdropV4BannysArbitrum2,18,9,worn_outfit,Suit,8,Astronaut Suit,20,20000000001,20000000001,0x9fDf876a50EA8f95017dCFC7709356887025B5BB,0xa5F8911d4CFd60a6697479f078409434424fe666,4000000004,4000000004,Original,0x9fDf876a50EA8f95017dCFC7709356887025B5BB,Outfit is worn by the Banny; the outfitted Banny is transferred to recipient.
"0x08B3e694caA2F1fcF8eF71095CED1326f3454B89 receives an Original Banny on Hay Field background wearing Nerd Glasses, Flops, and Irie Shirt.",Arbitrum,42161,2,AirdropV4BannysArbitrum2,19,10,worn_outfit,Suit top,10,Irie Shirt,28,28000000001,28000000001,0x08B3e694caA2F1fcF8eF71095CED1326f3454B89,0xa5F8911d4CFd60a6697479f078409434424fe666,4000000003,4000000003,Original,0x08B3e694caA2F1fcF8eF71095CED1326f3454B89,Outfit is worn by the Banny; the outfitted Banny is transferred to recipient.
0x187089B33E5812310Ed32A57F53B3fAD0383a19D receives an Original Banny wearing Zucco Tshirt and Dagger.,Arbitrum,42161,2,AirdropV4BannysArbitrum2,20,11,worn_outfit,Suit top,10,Zucco Tshirt,31,31000000001,31000000001,0x187089B33E5812310Ed32A57F53B3fAD0383a19D,0xa5F8911d4CFd60a6697479f078409434424fe666,4000000005,4000000005,Original,0x187089B33E5812310Ed32A57F53B3fAD0383a19D,Outfit is worn by the Banny; the outfitted Banny is transferred to recipient.
0x187089B33E5812310Ed32A57F53B3fAD0383a19D receives an Original Banny wearing Zucco Tshirt and Dagger.,Arbitrum,42161,2,AirdropV4BannysArbitrum2,21,12,worn_outfit,Fist,12,Dagger,49,49000000002,49000000001,0x187089B33E5812310Ed32A57F53B3fAD0383a19D,0xa5F8911d4CFd60a6697479f078409434424fe666,4000000005,4000000005,Original,0x187089B33E5812310Ed32A57F53B3fAD0383a19D,Outfit is worn by the Banny; the outfitted Banny is transferred to recipient.
"0xB2d3900807094D4Fe47405871B0C8AdB58E10D42 receives an Original Banny on Work Station background wearing Astronaut Head, Astronaut Suit, and Cheap Beer.",Arbitrum,42161,3,AirdropV4BannysArbitrum3,22,1,outfitted_banny_body,Banny body,0,Original,4,4000000007,4000000007,0xB2d3900807094D4Fe47405871B0C8AdB58E10D42,0xB2d3900807094D4Fe47405871B0C8AdB58E10D42,4000000007,4000000007,Original,0xB2d3900807094D4Fe47405871B0C8AdB58E10D42,Body transferred after dressing.
0x57a482EA32c7F75A9C0734206f5BD4f9BCb38e12 receives an Original Banny with no outfit.,Arbitrum,42161,3,AirdropV4BannysArbitrum3,23,2,banny_body,Banny body,0,Original,4,4000000008,4000000008,0x57a482EA32c7F75A9C0734206f5BD4f9BCb38e12,0x57a482EA32c7F75A9C0734206f5BD4f9BCb38e12,4000000008,4000000008,Original,0x57a482EA32c7F75A9C0734206f5BD4f9BCb38e12,Body transferred naked.
0x57a482EA32c7F75A9C0734206f5BD4f9BCb38e12 receives an Original Banny wearing Irie Shirt.,Arbitrum,42161,3,AirdropV4BannysArbitrum3,24,3,outfitted_banny_body,Banny body,0,Original,4,4000000009,4000000009,0x57a482EA32c7F75A9C0734206f5BD4f9BCb38e12,0x57a482EA32c7F75A9C0734206f5BD4f9BCb38e12,4000000009,4000000009,Original,0x57a482EA32c7F75A9C0734206f5BD4f9BCb38e12,Body transferred after dressing.
"0xB2d3900807094D4Fe47405871B0C8AdB58E10D42 receives an Original Banny on Work Station background wearing Astronaut Head, Astronaut Suit, and Cheap Beer.",Arbitrum,42161,3,AirdropV4BannysArbitrum3,25,4,worn_background,Background,1,Work Station,5,5000000002,5000000002,0xB2d3900807094D4Fe47405871B0C8AdB58E10D42,0xa5F8911d4CFd60a6697479f078409434424fe666,4000000007,4000000007,Original,0xB2d3900807094D4Fe47405871B0C8AdB58E10D42,Background is worn by the Banny; the outfitted Banny is transferred to recipient.
"0xB2d3900807094D4Fe47405871B0C8AdB58E10D42 receives an Original Banny on Work Station background wearing Astronaut Head, Astronaut Suit, and Cheap Beer.",Arbitrum,42161,3,AirdropV4BannysArbitrum3,26,5,worn_outfit,Head,4,Astronaut Head,10,10000000002,10000000002,0xB2d3900807094D4Fe47405871B0C8AdB58E10D42,0xa5F8911d4CFd60a6697479f078409434424fe666,4000000007,4000000007,Original,0xB2d3900807094D4Fe47405871B0C8AdB58E10D42,Outfit is worn by the Banny; the outfitted Banny is transferred to recipient.
"0xB2d3900807094D4Fe47405871B0C8AdB58E10D42 receives an Original Banny on Work Station background wearing Astronaut Head, Astronaut Suit, and Cheap Beer.",Arbitrum,42161,3,AirdropV4BannysArbitrum3,27,6,worn_outfit,Suit,8,Astronaut Suit,20,20000000002,20000000002,0xB2d3900807094D4Fe47405871B0C8AdB58E10D42,0xa5F8911d4CFd60a6697479f078409434424fe666,4000000007,4000000007,Original,0xB2d3900807094D4Fe47405871B0C8AdB58E10D42,Outfit is worn by the Banny; the outfitted Banny is transferred to recipient.
0x57a482EA32c7F75A9C0734206f5BD4f9BCb38e12 receives an Original Banny wearing Irie Shirt.,Arbitrum,42161,3,AirdropV4BannysArbitrum3,28,7,worn_outfit,Suit top,10,Irie Shirt,28,28000000002,28000000002,0x57a482EA32c7F75A9C0734206f5BD4f9BCb38e12,0xa5F8911d4CFd60a6697479f078409434424fe666,4000000009,4000000009,Original,0x57a482EA32c7F75A9C0734206f5BD4f9BCb38e12,Outfit is worn by the Banny; the outfitted Banny is transferred to recipient.
"0xB2d3900807094D4Fe47405871B0C8AdB58E10D42 receives an Original Banny on Work Station background wearing Astronaut Head, Astronaut Suit, and Cheap Beer.",Arbitrum,42161,3,AirdropV4BannysArbitrum3,29,8,worn_outfit,Fist,12,Cheap Beer,43,43000000001,43000000001,0xB2d3900807094D4Fe47405871B0C8AdB58E10D42,0xa5F8911d4CFd60a6697479f078409434424fe666,4000000007,4000000007,Original,0xB2d3900807094D4Fe47405871B0C8AdB58E10D42,Outfit is worn by the Banny; the outfitted Banny is transferred to recipient.
0x7C3F14075F6477fea1aF6cf59f325afDfcD3Ddf7 receives a Work Station Background asset.,Arbitrum,42161,4,AirdropV4BannysArbitrum4,30,1,standalone_asset,Background,1,Work Station,5,5000000003,5000000003,0x7C3F14075F6477fea1aF6cf59f325afDfcD3Ddf7,0x7C3F14075F6477fea1aF6cf59f325afDfcD3Ddf7,,,,,Asset is not worn by a Banny and is transferred directly.
0x1C51517d8277C9aD6d701Fb5394ceC0C18219eDb receives a Flops Legs asset.,Arbitrum,42161,4,AirdropV4BannysArbitrum4,31,2,standalone_asset,Legs,7,Flops,19,19000000002,19000000003,0x1C51517d8277C9aD6d701Fb5394ceC0C18219eDb,0x1C51517d8277C9aD6d701Fb5394ceC0C18219eDb,,,,,Asset is not worn by a Banny and is transferred directly.
0x57a482EA32c7F75A9C0734206f5BD4f9BCb38e12 receives a Flops Legs asset.,Arbitrum,42161,4,AirdropV4BannysArbitrum4,32,3,standalone_asset,Legs,7,Flops,19,19000000004,19000000004,0x57a482EA32c7F75A9C0734206f5BD4f9BCb38e12,0x57a482EA32c7F75A9C0734206f5BD4f9BCb38e12,,,,,Asset is not worn by a Banny and is transferred directly.
0x57a482EA32c7F75A9C0734206f5BD4f9BCb38e12 receives a Zucco Tshirt Suit top asset.,Arbitrum,42161,4,AirdropV4BannysArbitrum4,33,4,standalone_asset,Suit top,10,Zucco Tshirt,31,31000000002,31000000002,0x57a482EA32c7F75A9C0734206f5BD4f9BCb38e12,0x57a482EA32c7F75A9C0734206f5BD4f9BCb38e12,,,,,Asset is not worn by a Banny and is transferred directly.
0x7C3F14075F6477fea1aF6cf59f325afDfcD3Ddf7 receives an Ice Cube Suit top asset.,Arbitrum,42161,4,AirdropV4BannysArbitrum4,34,5,standalone_asset,Suit top,10,Ice Cube,32,32000000001,32000000001,0x7C3F14075F6477fea1aF6cf59f325afDfcD3Ddf7,0x7C3F14075F6477fea1aF6cf59f325afDfcD3Ddf7,,,,,Asset is not worn by a Banny and is transferred directly.
0x7C3F14075F6477fea1aF6cf59f325afDfcD3Ddf7 receives a Peach Hair Head top asset.,Arbitrum,42161,4,AirdropV4BannysArbitrum4,35,6,standalone_asset,Head top,11,Peach Hair,39,39000000001,39000000001,0x7C3F14075F6477fea1aF6cf59f325afDfcD3Ddf7,0x7C3F14075F6477fea1aF6cf59f325afDfcD3Ddf7,,,,,Asset is not worn by a Banny and is transferred directly.
0x7C3F14075F6477fea1aF6cf59f325afDfcD3Ddf7 receives a Lightsaber Fist asset.,Arbitrum,42161,4,AirdropV4BannysArbitrum4,36,7,standalone_asset,Fist,12,Lightsaber,47,47000000002,47000000002,0x7C3F14075F6477fea1aF6cf59f325afDfcD3Ddf7,0x7C3F14075F6477fea1aF6cf59f325afDfcD3Ddf7,,,,,Asset is not worn by a Banny and is transferred directly.
0x7C3F14075F6477fea1aF6cf59f325afDfcD3Ddf7 receives a Lightsaber Fist asset.,Arbitrum,42161,4,AirdropV4BannysArbitrum4,37,8,standalone_asset,Fist,12,Lightsaber,47,47000000003,47000000003,0x7C3F14075F6477fea1aF6cf59f325afDfcD3Ddf7,0x7C3F14075F6477fea1aF6cf59f325afDfcD3Ddf7,,,,,Asset is not worn by a Banny and is transferred directly.
0x7C3F14075F6477fea1aF6cf59f325afDfcD3Ddf7 receives a Lightsaber Fist asset.,Arbitrum,42161,4,AirdropV4BannysArbitrum4,38,9,standalone_asset,Fist,12,Lightsaber,47,47000000004,47000000004,0x7C3F14075F6477fea1aF6cf59f325afDfcD3Ddf7,0x7C3F14075F6477fea1aF6cf59f325afDfcD3Ddf7,,,,,Asset is not worn by a Banny and is transferred directly.
0x7C3F14075F6477fea1aF6cf59f325afDfcD3Ddf7 receives a Lightsaber Fist asset.,Arbitrum,42161,4,AirdropV4BannysArbitrum4,39,10,standalone_asset,Fist,12,Lightsaber,47,47000000005,47000000005,0x7C3F14075F6477fea1aF6cf59f325afDfcD3Ddf7,0x7C3F14075F6477fea1aF6cf59f325afDfcD3Ddf7,,,,,Asset is not worn by a Banny and is transferred directly.
0x7C3F14075F6477fea1aF6cf59f325afDfcD3Ddf7 receives a Lightsaber Fist asset.,Arbitrum,42161,4,AirdropV4BannysArbitrum4,40,11,standalone_asset,Fist,12,Lightsaber,47,47000000006,47000000006,0x7C3F14075F6477fea1aF6cf59f325afDfcD3Ddf7,0x7C3F14075F6477fea1aF6cf59f325afDfcD3Ddf7,,,,,Asset is not worn by a Banny and is transferred directly.
0x7C3F14075F6477fea1aF6cf59f325afDfcD3Ddf7 receives a Lightsaber Fist asset.,Arbitrum,42161,4,AirdropV4BannysArbitrum4,41,12,standalone_asset,Fist,12,Lightsaber,47,47000000007,47000000007,0x7C3F14075F6477fea1aF6cf59f325afDfcD3Ddf7,0x7C3F14075F6477fea1aF6cf59f325afDfcD3Ddf7,,,,,Asset is not worn by a Banny and is transferred directly.
0x7C3F14075F6477fea1aF6cf59f325afDfcD3Ddf7 receives a Lightsaber Fist asset.,Arbitrum,42161,4,AirdropV4BannysArbitrum4,42,13,standalone_asset,Fist,12,Lightsaber,47,47000000008,47000000008,0x7C3F14075F6477fea1aF6cf59f325afDfcD3Ddf7,0x7C3F14075F6477fea1aF6cf59f325afDfcD3Ddf7,,,,,Asset is not worn by a Banny and is transferred directly.
0x7C3F14075F6477fea1aF6cf59f325afDfcD3Ddf7 receives a Lightsaber Fist asset.,Arbitrum,42161,4,AirdropV4BannysArbitrum4,43,14,standalone_asset,Fist,12,Lightsaber,47,47000000009,47000000009,0x7C3F14075F6477fea1aF6cf59f325afDfcD3Ddf7,0x7C3F14075F6477fea1aF6cf59f325afDfcD3Ddf7,,,,,Asset is not worn by a Banny and is transferred directly.
0x7C3F14075F6477fea1aF6cf59f325afDfcD3Ddf7 receives a Lightsaber Fist asset.,Arbitrum,42161,4,AirdropV4BannysArbitrum4,44,15,standalone_asset,Fist,12,Lightsaber,47,47000000010,47000000010,0x7C3F14075F6477fea1aF6cf59f325afDfcD3Ddf7,0x7C3F14075F6477fea1aF6cf59f325afDfcD3Ddf7,,,,,Asset is not worn by a Banny and is transferred directly.
0x7C3F14075F6477fea1aF6cf59f325afDfcD3Ddf7 receives a Lightsaber Fist asset.,Arbitrum,42161,4,AirdropV4BannysArbitrum4,45,16,standalone_asset,Fist,12,Lightsaber,47,47000000011,47000000011,0x7C3F14075F6477fea1aF6cf59f325afDfcD3Ddf7,0x7C3F14075F6477fea1aF6cf59f325afDfcD3Ddf7,,,,,Asset is not worn by a Banny and is transferred directly.
0x7C3F14075F6477fea1aF6cf59f325afDfcD3Ddf7 receives a Lightsaber Fist asset.,Arbitrum,42161,4,AirdropV4BannysArbitrum4,46,17,standalone_asset,Fist,12,Lightsaber,47,47000000012,47000000012,0x7C3F14075F6477fea1aF6cf59f325afDfcD3Ddf7,0x7C3F14075F6477fea1aF6cf59f325afDfcD3Ddf7,,,,,Asset is not worn by a Banny and is transferred directly.
0x7C3F14075F6477fea1aF6cf59f325afDfcD3Ddf7 receives a Lightsaber Fist asset.,Arbitrum,42161,4,AirdropV4BannysArbitrum4,47,18,standalone_asset,Fist,12,Lightsaber,47,47000000013,47000000013,0x7C3F14075F6477fea1aF6cf59f325afDfcD3Ddf7,0x7C3F14075F6477fea1aF6cf59f325afDfcD3Ddf7,,,,,Asset is not worn by a Banny and is transferred directly.
0x7C3F14075F6477fea1aF6cf59f325afDfcD3Ddf7 receives a Lightsaber Fist asset.,Arbitrum,42161,4,AirdropV4BannysArbitrum4,48,19,standalone_asset,Fist,12,Lightsaber,47,47000000014,47000000014,0x7C3F14075F6477fea1aF6cf59f325afDfcD3Ddf7,0x7C3F14075F6477fea1aF6cf59f325afDfcD3Ddf7,,,,,Asset is not worn by a Banny and is transferred directly.
0x7C3F14075F6477fea1aF6cf59f325afDfcD3Ddf7 receives a Lightsaber Fist asset.,Arbitrum,42161,4,AirdropV4BannysArbitrum4,49,20,standalone_asset,Fist,12,Lightsaber,47,47000000015,47000000015,0x7C3F14075F6477fea1aF6cf59f325afDfcD3Ddf7,0x7C3F14075F6477fea1aF6cf59f325afDfcD3Ddf7,,,,,Asset is not worn by a Banny and is transferred directly.
0x7C3F14075F6477fea1aF6cf59f325afDfcD3Ddf7 receives a Lightsaber Fist asset.,Arbitrum,42161,4,AirdropV4BannysArbitrum4,50,21,standalone_asset,Fist,12,Lightsaber,47,47000000016,47000000016,0x7C3F14075F6477fea1aF6cf59f325afDfcD3Ddf7,0x7C3F14075F6477fea1aF6cf59f325afDfcD3Ddf7,,,,,Asset is not worn by a Banny and is transferred directly.
0x7C3F14075F6477fea1aF6cf59f325afDfcD3Ddf7 receives a Lightsaber Fist asset.,Arbitrum,42161,4,AirdropV4BannysArbitrum4,51,22,standalone_asset,Fist,12,Lightsaber,47,47000000017,47000000017,0x7C3F14075F6477fea1aF6cf59f325afDfcD3Ddf7,0x7C3F14075F6477fea1aF6cf59f325afDfcD3Ddf7,,,,,Asset is not worn by a Banny and is transferred directly.
0x7C3F14075F6477fea1aF6cf59f325afDfcD3Ddf7 receives a Lightsaber Fist asset.,Arbitrum,42161,4,AirdropV4BannysArbitrum4,52,23,standalone_asset,Fist,12,Lightsaber,47,47000000018,47000000018,0x7C3F14075F6477fea1aF6cf59f325afDfcD3Ddf7,0x7C3F14075F6477fea1aF6cf59f325afDfcD3Ddf7,,,,,Asset is not worn by a Banny and is transferred directly.
0x7C3F14075F6477fea1aF6cf59f325afDfcD3Ddf7 receives a Lightsaber Fist asset.,Arbitrum,42161,4,AirdropV4BannysArbitrum4,53,24,standalone_asset,Fist,12,Lightsaber,47,47000000019,47000000019,0x7C3F14075F6477fea1aF6cf59f325afDfcD3Ddf7,0x7C3F14075F6477fea1aF6cf59f325afDfcD3Ddf7,,,,,Asset is not worn by a Banny and is transferred directly.
0x7C3F14075F6477fea1aF6cf59f325afDfcD3Ddf7 receives a Lightsaber Fist asset.,Arbitrum,42161,4,AirdropV4BannysArbitrum4,54,25,standalone_asset,Fist,12,Lightsaber,47,47000000020,47000000020,0x7C3F14075F6477fea1aF6cf59f325afDfcD3Ddf7,0x7C3F14075F6477fea1aF6cf59f325afDfcD3Ddf7,,,,,Asset is not worn by a Banny and is transferred directly.
0x7C3F14075F6477fea1aF6cf59f325afDfcD3Ddf7 receives a Lightsaber Fist asset.,Arbitrum,42161,4,AirdropV4BannysArbitrum4,55,26,standalone_asset,Fist,12,Lightsaber,47,47000000021,47000000021,0x7C3F14075F6477fea1aF6cf59f325afDfcD3Ddf7,0x7C3F14075F6477fea1aF6cf59f325afDfcD3Ddf7,,,,,Asset is not worn by a Banny and is transferred directly.
0x7C3F14075F6477fea1aF6cf59f325afDfcD3Ddf7 receives a Lightsaber Fist asset.,Arbitrum,42161,4,AirdropV4BannysArbitrum4,56,27,standalone_asset,Fist,12,Lightsaber,47,47000000022,47000000022,0x7C3F14075F6477fea1aF6cf59f325afDfcD3Ddf7,0x7C3F14075F6477fea1aF6cf59f325afDfcD3Ddf7,,,,,Asset is not worn by a Banny and is transferred directly.
0x7C3F14075F6477fea1aF6cf59f325afDfcD3Ddf7 receives a Lightsaber Fist asset.,Arbitrum,42161,4,AirdropV4BannysArbitrum4,57,28,standalone_asset,Fist,12,Lightsaber,47,47000000023,47000000023,0x7C3F14075F6477fea1aF6cf59f325afDfcD3Ddf7,0x7C3F14075F6477fea1aF6cf59f325afDfcD3Ddf7,,,,,Asset is not worn by a Banny and is transferred directly.
0x7C3F14075F6477fea1aF6cf59f325afDfcD3Ddf7 receives a Lightsaber Fist asset.,Arbitrum,42161,4,AirdropV4BannysArbitrum4,58,29,standalone_asset,Fist,12,Lightsaber,47,47000000024,47000000024,0x7C3F14075F6477fea1aF6cf59f325afDfcD3Ddf7,0x7C3F14075F6477fea1aF6cf59f325afDfcD3Ddf7,,,,,Asset is not worn by a Banny and is transferred directly.
0x7C3F14075F6477fea1aF6cf59f325afDfcD3Ddf7 receives a Lightsaber Fist asset.,Arbitrum,42161,4,AirdropV4BannysArbitrum4,59,30,standalone_asset,Fist,12,Lightsaber,47,47000000025,47000000025,0x7C3F14075F6477fea1aF6cf59f325afDfcD3Ddf7,0x7C3F14075F6477fea1aF6cf59f325afDfcD3Ddf7,,,,,Asset is not worn by a Banny and is transferred directly.
0x7C3F14075F6477fea1aF6cf59f325afDfcD3Ddf7 receives a Lightsaber Fist asset.,Arbitrum,42161,4,AirdropV4BannysArbitrum4,60,31,standalone_asset,Fist,12,Lightsaber,47,47000000026,47000000026,0x7C3F14075F6477fea1aF6cf59f325afDfcD3Ddf7,0x7C3F14075F6477fea1aF6cf59f325afDfcD3Ddf7,,,,,Asset is not worn by a Banny and is transferred directly.
0x7C3F14075F6477fea1aF6cf59f325afDfcD3Ddf7 receives a Lightsaber Fist asset.,Arbitrum,42161,4,AirdropV4BannysArbitrum4,61,32,standalone_asset,Fist,12,Lightsaber,47,47000000027,47000000027,0x7C3F14075F6477fea1aF6cf59f325afDfcD3Ddf7,0x7C3F14075F6477fea1aF6cf59f325afDfcD3Ddf7,,,,,Asset is not worn by a Banny and is transferred directly.
0x1C51517d8277C9aD6d701Fb5394ceC0C18219eDb receives a Dagger Fist asset.,Arbitrum,42161,4,AirdropV4BannysArbitrum4,62,33,standalone_asset,Fist,12,Dagger,49,49000000001,49000000002,0x1C51517d8277C9aD6d701Fb5394ceC0C18219eDb,0x1C51517d8277C9aD6d701Fb5394ceC0C18219eDb,,,,,Asset is not worn by a Banny and is transferred directly.
0x7C3F14075F6477fea1aF6cf59f325afDfcD3Ddf7 receives a Dagger Fist asset.,Arbitrum,42161,4,AirdropV4BannysArbitrum4,63,34,standalone_asset,Fist,12,Dagger,49,49000000003,49000000003,0x7C3F14075F6477fea1aF6cf59f325afDfcD3Ddf7,0x7C3F14075F6477fea1aF6cf59f325afDfcD3Ddf7,,,,,Asset is not worn by a Banny and is transferred directly.
0x7C3F14075F6477fea1aF6cf59f325afDfcD3Ddf7 receives a Dagger Fist asset.,Arbitrum,42161,4,AirdropV4BannysArbitrum4,64,35,standalone_asset,Fist,12,Dagger,49,49000000004,49000000004,0x7C3F14075F6477fea1aF6cf59f325afDfcD3Ddf7,0x7C3F14075F6477fea1aF6cf59f325afDfcD3Ddf7,,,,,Asset is not worn by a Banny and is transferred directly.
0x7C3F14075F6477fea1aF6cf59f325afDfcD3Ddf7 receives a Dagger Fist asset.,Arbitrum,42161,4,AirdropV4BannysArbitrum4,65,36,standalone_asset,Fist,12,Dagger,49,49000000005,49000000005,0x7C3F14075F6477fea1aF6cf59f325afDfcD3Ddf7,0x7C3F14075F6477fea1aF6cf59f325afDfcD3Ddf7,,,,,Asset is not worn by a Banny and is transferred directly.
0x7C3F14075F6477fea1aF6cf59f325afDfcD3Ddf7 receives a Dagger Fist asset.,Arbitrum,42161,4,AirdropV4BannysArbitrum4,66,37,standalone_asset,Fist,12,Dagger,49,49000000006,49000000006,0x7C3F14075F6477fea1aF6cf59f325afDfcD3Ddf7,0x7C3F14075F6477fea1aF6cf59f325afDfcD3Ddf7,,,,,Asset is not worn by a Banny and is transferred directly.
0x7C3F14075F6477fea1aF6cf59f325afDfcD3Ddf7 receives a Dagger Fist asset.,Arbitrum,42161,4,AirdropV4BannysArbitrum4,67,38,standalone_asset,Fist,12,Dagger,49,49000000007,49000000007,0x7C3F14075F6477fea1aF6cf59f325afDfcD3Ddf7,0x7C3F14075F6477fea1aF6cf59f325afDfcD3Ddf7,,,,,Asset is not worn by a Banny and is transferred directly.
0x7C3F14075F6477fea1aF6cf59f325afDfcD3Ddf7 receives a Dagger Fist asset.,Arbitrum,42161,4,AirdropV4BannysArbitrum4,68,39,standalone_asset,Fist,12,Dagger,49,49000000008,49000000008,0x7C3F14075F6477fea1aF6cf59f325afDfcD3Ddf7,0x7C3F14075F6477fea1aF6cf59f325afDfcD3Ddf7,,,,,Asset is not worn by a Banny and is transferred directly.
0x7C3F14075F6477fea1aF6cf59f325afDfcD3Ddf7 receives a Dagger Fist asset.,Arbitrum,42161,4,AirdropV4BannysArbitrum4,69,40,standalone_asset,Fist,12,Dagger,49,49000000009,49000000009,0x7C3F14075F6477fea1aF6cf59f325afDfcD3Ddf7,0x7C3F14075F6477fea1aF6cf59f325afDfcD3Ddf7,,,,,Asset is not worn by a Banny and is transferred directly.
0x7C3F14075F6477fea1aF6cf59f325afDfcD3Ddf7 receives a Dagger Fist asset.,Arbitrum,42161,4,AirdropV4BannysArbitrum4,70,41,standalone_asset,Fist,12,Dagger,49,49000000010,49000000010,0x7C3F14075F6477fea1aF6cf59f325afDfcD3Ddf7,0x7C3F14075F6477fea1aF6cf59f325afDfcD3Ddf7,,,,,Asset is not worn by a Banny and is transferred directly.
0x7C3F14075F6477fea1aF6cf59f325afDfcD3Ddf7 receives a Dagger Fist asset.,Arbitrum,42161,4,AirdropV4BannysArbitrum4,71,42,standalone_asset,Fist,12,Dagger,49,49000000011,49000000011,0x7C3F14075F6477fea1aF6cf59f325afDfcD3Ddf7,0x7C3F14075F6477fea1aF6cf59f325afDfcD3Ddf7,,,,,Asset is not worn by a Banny and is transferred directly.
0x7C3F14075F6477fea1aF6cf59f325afDfcD3Ddf7 receives a Dagger Fist asset.,Arbitrum,42161,4,AirdropV4BannysArbitrum4,72,43,standalone_asset,Fist,12,Dagger,49,49000000012,49000000012,0x7C3F14075F6477fea1aF6cf59f325afDfcD3Ddf7,0x7C3F14075F6477fea1aF6cf59f325afDfcD3Ddf7,,,,,Asset is not worn by a Banny and is transferred directly.
0x7C3F14075F6477fea1aF6cf59f325afDfcD3Ddf7 receives a Dagger Fist asset.,Arbitrum,42161,4,AirdropV4BannysArbitrum4,73,44,standalone_asset,Fist,12,Dagger,49,49000000013,49000000013,0x7C3F14075F6477fea1aF6cf59f325afDfcD3Ddf7,0x7C3F14075F6477fea1aF6cf59f325afDfcD3Ddf7,,,,,Asset is not worn by a Banny and is transferred directly.
0x7C3F14075F6477fea1aF6cf59f325afDfcD3Ddf7 receives a Dagger Fist asset.,Arbitrum,42161,4,AirdropV4BannysArbitrum4,74,45,standalone_asset,Fist,12,Dagger,49,49000000014,49000000014,0x7C3F14075F6477fea1aF6cf59f325afDfcD3Ddf7,0x7C3F14075F6477fea1aF6cf59f325afDfcD3Ddf7,,,,,Asset is not worn by a Banny and is transferred directly.
0x7C3F14075F6477fea1aF6cf59f325afDfcD3Ddf7 receives a Dagger Fist asset.,Arbitrum,42161,4,AirdropV4BannysArbitrum4,75,46,standalone_asset,Fist,12,Dagger,49,49000000015,49000000015,0x7C3F14075F6477fea1aF6cf59f325afDfcD3Ddf7,0x7C3F14075F6477fea1aF6cf59f325afDfcD3Ddf7,,,,,Asset is not worn by a Banny and is transferred directly.
0x7C3F14075F6477fea1aF6cf59f325afDfcD3Ddf7 receives a Dagger Fist asset.,Arbitrum,42161,4,AirdropV4BannysArbitrum4,76,47,standalone_asset,Fist,12,Dagger,49,49000000016,49000000016,0x7C3F14075F6477fea1aF6cf59f325afDfcD3Ddf7,0x7C3F14075F6477fea1aF6cf59f325afDfcD3Ddf7,,,,,Asset is not worn by a Banny and is transferred directly.
0x7C3F14075F6477fea1aF6cf59f325afDfcD3Ddf7 receives a Dagger Fist asset.,Arbitrum,42161,4,AirdropV4BannysArbitrum4,77,48,standalone_asset,Fist,12,Dagger,49,49000000017,49000000017,0x7C3F14075F6477fea1aF6cf59f325afDfcD3Ddf7,0x7C3F14075F6477fea1aF6cf59f325afDfcD3Ddf7,,,,,Asset is not worn by a Banny and is transferred directly.
0x7C3F14075F6477fea1aF6cf59f325afDfcD3Ddf7 receives a Dagger Fist asset.,Arbitrum,42161,4,AirdropV4BannysArbitrum4,78,49,standalone_asset,Fist,12,Dagger,49,49000000018,49000000018,0x7C3F14075F6477fea1aF6cf59f325afDfcD3Ddf7,0x7C3F14075F6477fea1aF6cf59f325afDfcD3Ddf7,,,,,Asset is not worn by a Banny and is transferred directly.
0x7C3F14075F6477fea1aF6cf59f325afDfcD3Ddf7 receives a Dagger Fist asset.,Arbitrum,42161,4,AirdropV4BannysArbitrum4,79,50,standalone_asset,Fist,12,Dagger,49,49000000019,49000000019,0x7C3F14075F6477fea1aF6cf59f325afDfcD3Ddf7,0x7C3F14075F6477fea1aF6cf59f325afDfcD3Ddf7,,,,,Asset is not worn by a Banny and is transferred directly.
0x7C3F14075F6477fea1aF6cf59f325afDfcD3Ddf7 receives a Dagger Fist asset.,Arbitrum,42161,4,AirdropV4BannysArbitrum4,80,51,standalone_asset,Fist,12,Dagger,49,49000000020,49000000020,0x7C3F14075F6477fea1aF6cf59f325afDfcD3Ddf7,0x7C3F14075F6477fea1aF6cf59f325afDfcD3Ddf7,,,,,Asset is not worn by a Banny and is transferred directly.
0x7C3F14075F6477fea1aF6cf59f325afDfcD3Ddf7 receives a Dagger Fist asset.,Arbitrum,42161,4,AirdropV4BannysArbitrum4,81,52,standalone_asset,Fist,12,Dagger,49,49000000021,49000000021,0x7C3F14075F6477fea1aF6cf59f325afDfcD3Ddf7,0x7C3F14075F6477fea1aF6cf59f325afDfcD3Ddf7,,,,,Asset is not worn by a Banny and is transferred directly.
0x7C3F14075F6477fea1aF6cf59f325afDfcD3Ddf7 receives a Dagger Fist asset.,Arbitrum,42161,4,AirdropV4BannysArbitrum4,82,53,standalone_asset,Fist,12,Dagger,49,49000000022,49000000022,0x7C3F14075F6477fea1aF6cf59f325afDfcD3Ddf7,0x7C3F14075F6477fea1aF6cf59f325afDfcD3Ddf7,,,,,Asset is not worn by a Banny and is transferred directly.
0x7C3F14075F6477fea1aF6cf59f325afDfcD3Ddf7 receives a Dagger Fist asset.,Arbitrum,42161,4,AirdropV4BannysArbitrum4,83,54,standalone_asset,Fist,12,Dagger,49,49000000023,49000000023,0x7C3F14075F6477fea1aF6cf59f325afDfcD3Ddf7,0x7C3F14075F6477fea1aF6cf59f325afDfcD3Ddf7,,,,,Asset is not worn by a Banny and is transferred directly.
0x7C3F14075F6477fea1aF6cf59f325afDfcD3Ddf7 receives a Dagger Fist asset.,Arbitrum,42161,4,AirdropV4BannysArbitrum4,84,55,standalone_asset,Fist,12,Dagger,49,49000000024,49000000024,0x7C3F14075F6477fea1aF6cf59f325afDfcD3Ddf7,0x7C3F14075F6477fea1aF6cf59f325afDfcD3Ddf7,,,,,Asset is not worn by a Banny and is transferred directly.
0x7C3F14075F6477fea1aF6cf59f325afDfcD3Ddf7 receives a Dagger Fist asset.,Arbitrum,42161,4,AirdropV4BannysArbitrum4,85,56,standalone_asset,Fist,12,Dagger,49,49000000025,49000000025,0x7C3F14075F6477fea1aF6cf59f325afDfcD3Ddf7,0x7C3F14075F6477fea1aF6cf59f325afDfcD3Ddf7,,,,,Asset is not worn by a Banny and is transferred directly.
0x7C3F14075F6477fea1aF6cf59f325afDfcD3Ddf7 receives a Dagger Fist asset.,Arbitrum,42161,4,AirdropV4BannysArbitrum4,86,57,standalone_asset,Fist,12,Dagger,49,49000000026,49000000026,0x7C3F14075F6477fea1aF6cf59f325afDfcD3Ddf7,0x7C3F14075F6477fea1aF6cf59f325afDfcD3Ddf7,,,,,Asset is not worn by a Banny and is transferred directly.
0x7C3F14075F6477fea1aF6cf59f325afDfcD3Ddf7 receives a Dagger Fist asset.,Arbitrum,42161,4,AirdropV4BannysArbitrum4,87,58,standalone_asset,Fist,12,Dagger,49,49000000027,49000000027,0x7C3F14075F6477fea1aF6cf59f325afDfcD3Ddf7,0x7C3F14075F6477fea1aF6cf59f325afDfcD3Ddf7,,,,,Asset is not worn by a Banny and is transferred directly.
0x7C3F14075F6477fea1aF6cf59f325afDfcD3Ddf7 receives a Dagger Fist asset.,Arbitrum,42161,4,AirdropV4BannysArbitrum4,88,59,standalone_asset,Fist,12,Dagger,49,49000000028,49000000028,0x7C3F14075F6477fea1aF6cf59f325afDfcD3Ddf7,0x7C3F14075F6477fea1aF6cf59f325afDfcD3Ddf7,,,,,Asset is not worn by a Banny and is transferred directly.
0x7C3F14075F6477fea1aF6cf59f325afDfcD3Ddf7 receives a Dagger Fist asset.,Arbitrum,42161,4,AirdropV4BannysArbitrum4,89,60,standalone_asset,Fist,12,Dagger,49,49000000029,49000000029,0x7C3F14075F6477fea1aF6cf59f325afDfcD3Ddf7,0x7C3F14075F6477fea1aF6cf59f325afDfcD3Ddf7,,,,,Asset is not worn by a Banny and is transferred directly.
0x7C3F14075F6477fea1aF6cf59f325afDfcD3Ddf7 receives a Dagger Fist asset.,Arbitrum,42161,4,AirdropV4BannysArbitrum4,90,61,standalone_asset,Fist,12,Dagger,49,49000000030,49000000030,0x7C3F14075F6477fea1aF6cf59f325afDfcD3Ddf7,0x7C3F14075F6477fea1aF6cf59f325afDfcD3Ddf7,,,,,Asset is not worn by a Banny and is transferred directly.
0x7C3F14075F6477fea1aF6cf59f325afDfcD3Ddf7 receives a Dagger Fist asset.,Arbitrum,42161,4,AirdropV4BannysArbitrum4,91,62,standalone_asset,Fist,12,Dagger,49,49000000031,49000000031,0x7C3F14075F6477fea1aF6cf59f325afDfcD3Ddf7,0x7C3F14075F6477fea1aF6cf59f325afDfcD3Ddf7,,,,,Asset is not worn by a Banny and is transferred directly.
0x7C3F14075F6477fea1aF6cf59f325afDfcD3Ddf7 receives a Dagger Fist asset.,Arbitrum,42161,4,AirdropV4BannysArbitrum4,92,63,standalone_asset,Fist,12,Dagger,49,49000000032,49000000032,0x7C3F14075F6477fea1aF6cf59f325afDfcD3Ddf7,0x7C3F14075F6477fea1aF6cf59f325afDfcD3Ddf7,,,,,Asset is not worn by a Banny and is transferred directly.
0x7C3F14075F6477fea1aF6cf59f325afDfcD3Ddf7 receives a Dagger Fist asset.,Arbitrum,42161,4,AirdropV4BannysArbitrum4,93,64,standalone_asset,Fist,12,Dagger,49,49000000033,49000000033,0x7C3F14075F6477fea1aF6cf59f325afDfcD3Ddf7,0x7C3F14075F6477fea1aF6cf59f325afDfcD3Ddf7,,,,,Asset is not worn by a Banny and is transferred directly.
0x7C3F14075F6477fea1aF6cf59f325afDfcD3Ddf7 receives a Dagger Fist asset.,Arbitrum,42161,4,AirdropV4BannysArbitrum4,94,65,standalone_asset,Fist,12,Dagger,49,49000000034,49000000034,0x7C3F14075F6477fea1aF6cf59f325afDfcD3Ddf7,0x7C3F14075F6477fea1aF6cf59f325afDfcD3Ddf7,,,,,Asset is not worn by a Banny and is transferred directly.
0x7C3F14075F6477fea1aF6cf59f325afDfcD3Ddf7 receives a Dagger Fist asset.,Arbitrum,42161,4,AirdropV4BannysArbitrum4,95,66,standalone_asset,Fist,12,Dagger,49,49000000035,49000000035,0x7C3F14075F6477fea1aF6cf59f325afDfcD3Ddf7,0x7C3F14075F6477fea1aF6cf59f325afDfcD3Ddf7,,,,,Asset is not worn by a Banny and is transferred directly.
0x7C3F14075F6477fea1aF6cf59f325afDfcD3Ddf7 receives a Dagger Fist asset.,Arbitrum,42161,4,AirdropV4BannysArbitrum4,96,67,standalone_asset,Fist,12,Dagger,49,49000000036,49000000036,0x7C3F14075F6477fea1aF6cf59f325afDfcD3Ddf7,0x7C3F14075F6477fea1aF6cf59f325afDfcD3Ddf7,,,,,Asset is not worn by a Banny and is transferred directly.
0x7C3F14075F6477fea1aF6cf59f325afDfcD3Ddf7 receives a Dagger Fist asset.,Arbitrum,42161,4,AirdropV4BannysArbitrum4,97,68,standalone_asset,Fist,12,Dagger,49,49000000037,49000000037,0x7C3F14075F6477fea1aF6cf59f325afDfcD3Ddf7,0x7C3F14075F6477fea1aF6cf59f325afDfcD3Ddf7,,,,,Asset is not worn by a Banny and is transferred directly.
0x7C3F14075F6477fea1aF6cf59f325afDfcD3Ddf7 receives a Dagger Fist asset.,Arbitrum,42161,4,AirdropV4BannysArbitrum4,98,69,standalone_asset,Fist,12,Dagger,49,49000000038,49000000038,0x7C3F14075F6477fea1aF6cf59f325afDfcD3Ddf7,0x7C3F14075F6477fea1aF6cf59f325afDfcD3Ddf7,,,,,Asset is not worn by a Banny and is transferred directly.
0x7C3F14075F6477fea1aF6cf59f325afDfcD3Ddf7 receives a Dagger Fist asset.,Arbitrum,42161,4,AirdropV4BannysArbitrum4,99,70,standalone_asset,Fist,12,Dagger,49,49000000039,49000000039,0x7C3F14075F6477fea1aF6cf59f325afDfcD3Ddf7,0x7C3F14075F6477fea1aF6cf59f325afDfcD3Ddf7,,,,,Asset is not worn by a Banny and is transferred directly.
0x7C3F14075F6477fea1aF6cf59f325afDfcD3Ddf7 receives a Dagger Fist asset.,Arbitrum,42161,4,AirdropV4BannysArbitrum4,100,71,standalone_asset,Fist,12,Dagger,49,49000000040,49000000040,0x7C3F14075F6477fea1aF6cf59f325afDfcD3Ddf7,0x7C3F14075F6477fea1aF6cf59f325afDfcD3Ddf7,,,,,Asset is not worn by a Banny and is transferred directly.
0x7C3F14075F6477fea1aF6cf59f325afDfcD3Ddf7 receives a Dagger Fist asset.,Arbitrum,42161,4,AirdropV4BannysArbitrum4,101,72,standalone_asset,Fist,12,Dagger,49,49000000041,49000000041,0x7C3F14075F6477fea1aF6cf59f325afDfcD3Ddf7,0x7C3F14075F6477fea1aF6cf59f325afDfcD3Ddf7,,,,,Asset is not worn by a Banny and is transferred directly.
0x7C3F14075F6477fea1aF6cf59f325afDfcD3Ddf7 receives a Dagger Fist asset.,Arbitrum,42161,4,AirdropV4BannysArbitrum4,102,73,standalone_asset,Fist,12,Dagger,49,49000000042,49000000042,0x7C3F14075F6477fea1aF6cf59f325afDfcD3Ddf7,0x7C3F14075F6477fea1aF6cf59f325afDfcD3Ddf7,,,,,Asset is not worn by a Banny and is transferred directly.
0x7C3F14075F6477fea1aF6cf59f325afDfcD3Ddf7 receives a Dagger Fist asset.,Arbitrum,42161,4,AirdropV4BannysArbitrum4,103,74,standalone_asset,Fist,12,Dagger,49,49000000043,49000000043,0x7C3F14075F6477fea1aF6cf59f325afDfcD3Ddf7,0x7C3F14075F6477fea1aF6cf59f325afDfcD3Ddf7,,,,,Asset is not worn by a Banny and is transferred directly.
0x7C3F14075F6477fea1aF6cf59f325afDfcD3Ddf7 receives a Dagger Fist asset.,Arbitrum,42161,4,AirdropV4BannysArbitrum4,104,75,standalone_asset,Fist,12,Dagger,49,49000000044,49000000044,0x7C3F14075F6477fea1aF6cf59f325afDfcD3Ddf7,0x7C3F14075F6477fea1aF6cf59f325afDfcD3Ddf7,,,,,Asset is not worn by a Banny and is transferred directly.
0x7C3F14075F6477fea1aF6cf59f325afDfcD3Ddf7 receives a Dagger Fist asset.,Arbitrum,42161,4,AirdropV4BannysArbitrum4,105,76,standalone_asset,Fist,12,Dagger,49,49000000045,49000000045,0x7C3F14075F6477fea1aF6cf59f325afDfcD3Ddf7,0x7C3F14075F6477fea1aF6cf59f325afDfcD3Ddf7,,,,,Asset is not worn by a Banny and is transferred directly.
0x7C3F14075F6477fea1aF6cf59f325afDfcD3Ddf7 receives a Dagger Fist asset.,Arbitrum,42161,4,AirdropV4BannysArbitrum4,106,77,standalone_asset,Fist,12,Dagger,49,49000000046,49000000046,0x7C3F14075F6477fea1aF6cf59f325afDfcD3Ddf7,0x7C3F14075F6477fea1aF6cf59f325afDfcD3Ddf7,,,,,Asset is not worn by a Banny and is transferred directly.
0x7C3F14075F6477fea1aF6cf59f325afDfcD3Ddf7 receives a Dagger Fist asset.,Arbitrum,42161,4,AirdropV4BannysArbitrum4,107,78,standalone_asset,Fist,12,Dagger,49,49000000047,49000000047,0x7C3F14075F6477fea1aF6cf59f325afDfcD3Ddf7,0x7C3F14075F6477fea1aF6cf59f325afDfcD3Ddf7,,,,,Asset is not worn by a Banny and is transferred directly.
0x7C3F14075F6477fea1aF6cf59f325afDfcD3Ddf7 receives a Dagger Fist asset.,Arbitrum,42161,4,AirdropV4BannysArbitrum4,108,79,standalone_asset,Fist,12,Dagger,49,49000000048,49000000048,0x7C3F14075F6477fea1aF6cf59f325afDfcD3Ddf7,0x7C3F14075F6477fea1aF6cf59f325afDfcD3Ddf7,,,,,Asset is not worn by a Banny and is transferred directly.
0x7C3F14075F6477fea1aF6cf59f325afDfcD3Ddf7 receives a Dagger Fist asset.,Arbitrum,42161,4,AirdropV4BannysArbitrum4,109,80,standalone_asset,Fist,12,Dagger,49,49000000049,49000000049,0x7C3F14075F6477fea1aF6cf59f325afDfcD3Ddf7,0x7C3F14075F6477fea1aF6cf59f325afDfcD3Ddf7,,,,,Asset is not worn by a Banny and is transferred directly.
0x7C3F14075F6477fea1aF6cf59f325afDfcD3Ddf7 receives a Dagger Fist asset.,Arbitrum,42161,4,AirdropV4BannysArbitrum4,110,81,standalone_asset,Fist,12,Dagger,49,49000000050,49000000050,0x7C3F14075F6477fea1aF6cf59f325afDfcD3Ddf7,0x7C3F14075F6477fea1aF6cf59f325afDfcD3Ddf7,,,,,Asset is not worn by a Banny and is transferred directly.
0x7C3F14075F6477fea1aF6cf59f325afDfcD3Ddf7 receives a Dagger Fist asset.,Arbitrum,42161,4,AirdropV4BannysArbitrum4,111,82,standalone_asset,Fist,12,Dagger,49,49000000051,49000000051,0x7C3F14075F6477fea1aF6cf59f325afDfcD3Ddf7,0x7C3F14075F6477fea1aF6cf59f325afDfcD3Ddf7,,,,,Asset is not worn by a Banny and is transferred directly.
0x7C3F14075F6477fea1aF6cf59f325afDfcD3Ddf7 receives a Dagger Fist asset.,Arbitrum,42161,4,AirdropV4BannysArbitrum4,112,83,standalone_asset,Fist,12,Dagger,49,49000000052,49000000052,0x7C3F14075F6477fea1aF6cf59f325afDfcD3Ddf7,0x7C3F14075F6477fea1aF6cf59f325afDfcD3Ddf7,,,,,Asset is not worn by a Banny and is transferred directly.
0x7C3F14075F6477fea1aF6cf59f325afDfcD3Ddf7 receives a Dagger Fist asset.,Arbitrum,42161,4,AirdropV4BannysArbitrum4,113,84,standalone_asset,Fist,12,Dagger,49,49000000053,49000000053,0x7C3F14075F6477fea1aF6cf59f325afDfcD3Ddf7,0x7C3F14075F6477fea1aF6cf59f325afDfcD3Ddf7,,,,,Asset is not worn by a Banny and is transferred directly.
0x7C3F14075F6477fea1aF6cf59f325afDfcD3Ddf7 receives a Dagger Fist asset.,Arbitrum,42161,4,AirdropV4BannysArbitrum4,114,85,standalone_asset,Fist,12,Dagger,49,49000000054,49000000054,0x7C3F14075F6477fea1aF6cf59f325afDfcD3Ddf7,0x7C3F14075F6477fea1aF6cf59f325afDfcD3Ddf7,,,,,Asset is not worn by a Banny and is transferred directly.
0x7C3F14075F6477fea1aF6cf59f325afDfcD3Ddf7 receives a Dagger Fist asset.,Arbitrum,42161,4,AirdropV4BannysArbitrum4,115,86,standalone_asset,Fist,12,Dagger,49,49000000055,49000000055,0x7C3F14075F6477fea1aF6cf59f325afDfcD3Ddf7,0x7C3F14075F6477fea1aF6cf59f325afDfcD3Ddf7,,,,,Asset is not worn by a Banny and is transferred directly.
0x7C3F14075F6477fea1aF6cf59f325afDfcD3Ddf7 receives a Dagger Fist asset.,Arbitrum,42161,4,AirdropV4BannysArbitrum4,116,87,standalone_asset,Fist,12,Dagger,49,49000000056,49000000056,0x7C3F14075F6477fea1aF6cf59f325afDfcD3Ddf7,0x7C3F14075F6477fea1aF6cf59f325afDfcD3Ddf7,,,,,Asset is not worn by a Banny and is transferred directly.
0x7C3F14075F6477fea1aF6cf59f325afDfcD3Ddf7 receives a Dagger Fist asset.,Arbitrum,42161,4,AirdropV4BannysArbitrum4,117,88,standalone_asset,Fist,12,Dagger,49,49000000057,49000000057,0x7C3F14075F6477fea1aF6cf59f325afDfcD3Ddf7,0x7C3F14075F6477fea1aF6cf59f325afDfcD3Ddf7,,,,,Asset is not worn by a Banny and is transferred directly.
0x7C3F14075F6477fea1aF6cf59f325afDfcD3Ddf7 receives a Dagger Fist asset.,Arbitrum,42161,4,AirdropV4BannysArbitrum4,118,89,standalone_asset,Fist,12,Dagger,49,49000000058,49000000058,0x7C3F14075F6477fea1aF6cf59f325afDfcD3Ddf7,0x7C3F14075F6477fea1aF6cf59f325afDfcD3Ddf7,,,,,Asset is not worn by a Banny and is transferred directly.
0x7C3F14075F6477fea1aF6cf59f325afDfcD3Ddf7 receives a Dagger Fist asset.,Arbitrum,42161,4,AirdropV4BannysArbitrum4,119,90,standalone_asset,Fist,12,Dagger,49,49000000059,49000000059,0x7C3F14075F6477fea1aF6cf59f325afDfcD3Ddf7,0x7C3F14075F6477fea1aF6cf59f325afDfcD3Ddf7,,,,,Asset is not worn by a Banny and is transferred directly.
0x7C3F14075F6477fea1aF6cf59f325afDfcD3Ddf7 receives a Dagger Fist asset.,Arbitrum,42161,4,AirdropV4BannysArbitrum4,120,91,standalone_asset,Fist,12,Dagger,49,49000000060,49000000060,0x7C3F14075F6477fea1aF6cf59f325afDfcD3Ddf7,0x7C3F14075F6477fea1aF6cf59f325afDfcD3Ddf7,,,,,Asset is not worn by a Banny and is transferred directly.
0x7C3F14075F6477fea1aF6cf59f325afDfcD3Ddf7 receives a Dagger Fist asset.,Arbitrum,42161,4,AirdropV4BannysArbitrum4,121,92,standalone_asset,Fist,12,Dagger,49,49000000061,49000000061,0x7C3F14075F6477fea1aF6cf59f325afDfcD3Ddf7,0x7C3F14075F6477fea1aF6cf59f325afDfcD3Ddf7,,,,,Asset is not worn by a Banny and is transferred directly.
0x7C3F14075F6477fea1aF6cf59f325afDfcD3Ddf7 receives a Dagger Fist asset.,Arbitrum,42161,4,AirdropV4BannysArbitrum4,122,93,standalone_asset,Fist,12,Dagger,49,49000000062,49000000062,0x7C3F14075F6477fea1aF6cf59f325afDfcD3Ddf7,0x7C3F14075F6477fea1aF6cf59f325afDfcD3Ddf7,,,,,Asset is not worn by a Banny and is transferred directly.
0x7C3F14075F6477fea1aF6cf59f325afDfcD3Ddf7 receives a Dagger Fist asset.,Arbitrum,42161,4,AirdropV4BannysArbitrum4,123,94,standalone_asset,Fist,12,Dagger,49,49000000063,49000000063,0x7C3F14075F6477fea1aF6cf59f325afDfcD3Ddf7,0x7C3F14075F6477fea1aF6cf59f325afDfcD3Ddf7,,,,,Asset is not worn by a Banny and is transferred directly.
0x7C3F14075F6477fea1aF6cf59f325afDfcD3Ddf7 receives a Dagger Fist asset.,Arbitrum,42161,4,AirdropV4BannysArbitrum4,124,95,standalone_asset,Fist,12,Dagger,49,49000000064,49000000064,0x7C3F14075F6477fea1aF6cf59f325afDfcD3Ddf7,0x7C3F14075F6477fea1aF6cf59f325afDfcD3Ddf7,,,,,Asset is not worn by a Banny and is transferred directly.
0x7C3F14075F6477fea1aF6cf59f325afDfcD3Ddf7 receives a Dagger Fist asset.,Arbitrum,42161,4,AirdropV4BannysArbitrum4,125,96,standalone_asset,Fist,12,Dagger,49,49000000065,49000000065,0x7C3F14075F6477fea1aF6cf59f325afDfcD3Ddf7,0x7C3F14075F6477fea1aF6cf59f325afDfcD3Ddf7,,,,,Asset is not worn by a Banny and is transferred directly.
0x7C3F14075F6477fea1aF6cf59f325afDfcD3Ddf7 receives a Dagger Fist asset.,Arbitrum,42161,4,AirdropV4BannysArbitrum4,126,97,standalone_asset,Fist,12,Dagger,49,49000000066,49000000066,0x7C3F14075F6477fea1aF6cf59f325afDfcD3Ddf7,0x7C3F14075F6477fea1aF6cf59f325afDfcD3Ddf7,,,,,Asset is not worn by a Banny and is transferred directly.
0x7C3F14075F6477fea1aF6cf59f325afDfcD3Ddf7 receives a Dagger Fist asset.,Arbitrum,42161,4,AirdropV4BannysArbitrum4,127,98,standalone_asset,Fist,12,Dagger,49,49000000067,49000000067,0x7C3F14075F6477fea1aF6cf59f325afDfcD3Ddf7,0x7C3F14075F6477fea1aF6cf59f325afDfcD3Ddf7,,,,,Asset is not worn by a Banny and is transferred directly.
0x7C3F14075F6477fea1aF6cf59f325afDfcD3Ddf7 receives a Dagger Fist asset.,Arbitrum,42161,4,AirdropV4BannysArbitrum4,128,99,standalone_asset,Fist,12,Dagger,49,49000000068,49000000068,0x7C3F14075F6477fea1aF6cf59f325afDfcD3Ddf7,0x7C3F14075F6477fea1aF6cf59f325afDfcD3Ddf7,,,,,Asset is not worn by a Banny and is transferred directly.
0x7C3F14075F6477fea1aF6cf59f325afDfcD3Ddf7 receives a Dagger Fist asset.,Arbitrum,42161,4,AirdropV4BannysArbitrum4,129,100,standalone_asset,Fist,12,Dagger,49,49000000069,49000000069,0x7C3F14075F6477fea1aF6cf59f325afDfcD3Ddf7,0x7C3F14075F6477fea1aF6cf59f325afDfcD3Ddf7,,,,,Asset is not worn by a Banny and is transferred directly.
0x7C3F14075F6477fea1aF6cf59f325afDfcD3Ddf7 receives a Dagger Fist asset.,Arbitrum,42161,4,AirdropV4BannysArbitrum4,130,101,standalone_asset,Fist,12,Dagger,49,49000000070,49000000070,0x7C3F14075F6477fea1aF6cf59f325afDfcD3Ddf7,0x7C3F14075F6477fea1aF6cf59f325afDfcD3Ddf7,,,,,Asset is not worn by a Banny and is transferred directly.
0x7C3F14075F6477fea1aF6cf59f325afDfcD3Ddf7 receives a Dagger Fist asset.,Arbitrum,42161,4,AirdropV4BannysArbitrum4,131,102,standalone_asset,Fist,12,Dagger,49,49000000071,49000000071,0x7C3F14075F6477fea1aF6cf59f325afDfcD3Ddf7,0x7C3F14075F6477fea1aF6cf59f325afDfcD3Ddf7,,,,,Asset is not worn by a Banny and is transferred directly.
0x7C3F14075F6477fea1aF6cf59f325afDfcD3Ddf7 receives a Dagger Fist asset.,Arbitrum,42161,4,AirdropV4BannysArbitrum4,132,103,standalone_asset,Fist,12,Dagger,49,49000000072,49000000072,0x7C3F14075F6477fea1aF6cf59f325afDfcD3Ddf7,0x7C3F14075F6477fea1aF6cf59f325afDfcD3Ddf7,,,,,Asset is not worn by a Banny and is transferred directly.
0x7C3F14075F6477fea1aF6cf59f325afDfcD3Ddf7 receives a Dagger Fist asset.,Arbitrum,42161,4,AirdropV4BannysArbitrum4,133,104,standalone_asset,Fist,12,Dagger,49,49000000073,49000000073,0x7C3F14075F6477fea1aF6cf59f325afDfcD3Ddf7,0x7C3F14075F6477fea1aF6cf59f325afDfcD3Ddf7,,,,,Asset is not worn by a Banny and is transferred directly.
0x7C3F14075F6477fea1aF6cf59f325afDfcD3Ddf7 receives a Dagger Fist asset.,Arbitrum,42161,4,AirdropV4BannysArbitrum4,134,105,standalone_asset,Fist,12,Dagger,49,49000000074,49000000074,0x7C3F14075F6477fea1aF6cf59f325afDfcD3Ddf7,0x7C3F14075F6477fea1aF6cf59f325afDfcD3Ddf7,,,,,Asset is not worn by a Banny and is transferred directly.
0x7C3F14075F6477fea1aF6cf59f325afDfcD3Ddf7 receives a Dagger Fist asset.,Arbitrum,42161,4,AirdropV4BannysArbitrum4,135,106,standalone_asset,Fist,12,Dagger,49,49000000075,49000000075,0x7C3F14075F6477fea1aF6cf59f325afDfcD3Ddf7,0x7C3F14075F6477fea1aF6cf59f325afDfcD3Ddf7,,,,,Asset is not worn by a Banny and is transferred directly.
0x7C3F14075F6477fea1aF6cf59f325afDfcD3Ddf7 receives a Dagger Fist asset.,Arbitrum,42161,4,AirdropV4BannysArbitrum4,136,107,standalone_asset,Fist,12,Dagger,49,49000000076,49000000076,0x7C3F14075F6477fea1aF6cf59f325afDfcD3Ddf7,0x7C3F14075F6477fea1aF6cf59f325afDfcD3Ddf7,,,,,Asset is not worn by a Banny and is transferred directly.
0x7C3F14075F6477fea1aF6cf59f325afDfcD3Ddf7 receives a Dagger Fist asset.,Arbitrum,42161,4,AirdropV4BannysArbitrum4,137,108,standalone_asset,Fist,12,Dagger,49,49000000077,49000000077,0x7C3F14075F6477fea1aF6cf59f325afDfcD3Ddf7,0x7C3F14075F6477fea1aF6cf59f325afDfcD3Ddf7,,,,,Asset is not worn by a Banny and is transferred directly.
0x7C3F14075F6477fea1aF6cf59f325afDfcD3Ddf7 receives a Dagger Fist asset.,Arbitrum,42161,4,AirdropV4BannysArbitrum4,138,109,standalone_asset,Fist,12,Dagger,49,49000000078,49000000078,0x7C3F14075F6477fea1aF6cf59f325afDfcD3Ddf7,0x7C3F14075F6477fea1aF6cf59f325afDfcD3Ddf7,,,,,Asset is not worn by a Banny and is transferred directly.
0x7C3F14075F6477fea1aF6cf59f325afDfcD3Ddf7 receives a Dagger Fist asset.,Arbitrum,42161,4,AirdropV4BannysArbitrum4,139,110,standalone_asset,Fist,12,Dagger,49,49000000079,49000000079,0x7C3F14075F6477fea1aF6cf59f325afDfcD3Ddf7,0x7C3F14075F6477fea1aF6cf59f325afDfcD3Ddf7,,,,,Asset is not worn by a Banny and is transferred directly.
0x7C3F14075F6477fea1aF6cf59f325afDfcD3Ddf7 receives a Dagger Fist asset.,Arbitrum,42161,4,AirdropV4BannysArbitrum4,140,111,standalone_asset,Fist,12,Dagger,49,49000000080,49000000080,0x7C3F14075F6477fea1aF6cf59f325afDfcD3Ddf7,0x7C3F14075F6477fea1aF6cf59f325afDfcD3Ddf7,,,,,Asset is not worn by a Banny and is transferred directly.
0x7C3F14075F6477fea1aF6cf59f325afDfcD3Ddf7 receives a Dagger Fist asset.,Arbitrum,42161,4,AirdropV4BannysArbitrum4,141,112,standalone_asset,Fist,12,Dagger,49,49000000081,49000000081,0x7C3F14075F6477fea1aF6cf59f325afDfcD3Ddf7,0x7C3F14075F6477fea1aF6cf59f325afDfcD3Ddf7,,,,,Asset is not worn by a Banny and is transferred directly.
0x7C3F14075F6477fea1aF6cf59f325afDfcD3Ddf7 receives a Dagger Fist asset.,Arbitrum,42161,4,AirdropV4BannysArbitrum4,142,113,standalone_asset,Fist,12,Dagger,49,49000000082,49000000082,0x7C3F14075F6477fea1aF6cf59f325afDfcD3Ddf7,0x7C3F14075F6477fea1aF6cf59f325afDfcD3Ddf7,,,,,Asset is not worn by a Banny and is transferred directly.
0x7C3F14075F6477fea1aF6cf59f325afDfcD3Ddf7 receives a Dagger Fist asset.,Arbitrum,42161,4,AirdropV4BannysArbitrum4,143,114,standalone_asset,Fist,12,Dagger,49,49000000083,49000000083,0x7C3F14075F6477fea1aF6cf59f325afDfcD3Ddf7,0x7C3F14075F6477fea1aF6cf59f325afDfcD3Ddf7,,,,,Asset is not worn by a Banny and is transferred directly.
0x7C3F14075F6477fea1aF6cf59f325afDfcD3Ddf7 receives a Dagger Fist asset.,Arbitrum,42161,4,AirdropV4BannysArbitrum4,144,115,standalone_asset,Fist,12,Dagger,49,49000000084,49000000084,0x7C3F14075F6477fea1aF6cf59f325afDfcD3Ddf7,0x7C3F14075F6477fea1aF6cf59f325afDfcD3Ddf7,,,,,Asset is not worn by a Banny and is transferred directly.
0x7C3F14075F6477fea1aF6cf59f325afDfcD3Ddf7 receives a Dagger Fist asset.,Arbitrum,42161,4,AirdropV4BannysArbitrum4,145,116,standalone_asset,Fist,12,Dagger,49,49000000085,49000000085,0x7C3F14075F6477fea1aF6cf59f325afDfcD3Ddf7,0x7C3F14075F6477fea1aF6cf59f325afDfcD3Ddf7,,,,,Asset is not worn by a Banny and is transferred directly.
0x7C3F14075F6477fea1aF6cf59f325afDfcD3Ddf7 receives a Dagger Fist asset.,Arbitrum,42161,4,AirdropV4BannysArbitrum4,146,117,standalone_asset,Fist,12,Dagger,49,49000000086,49000000086,0x7C3F14075F6477fea1aF6cf59f325afDfcD3Ddf7,0x7C3F14075F6477fea1aF6cf59f325afDfcD3Ddf7,,,,,Asset is not worn by a Banny and is transferred directly.
0x7C3F14075F6477fea1aF6cf59f325afDfcD3Ddf7 receives a Dagger Fist asset.,Arbitrum,42161,4,AirdropV4BannysArbitrum4,147,118,standalone_asset,Fist,12,Dagger,49,49000000087,49000000087,0x7C3F14075F6477fea1aF6cf59f325afDfcD3Ddf7,0x7C3F14075F6477fea1aF6cf59f325afDfcD3Ddf7,,,,,Asset is not worn by a Banny and is transferred directly.
0x7C3F14075F6477fea1aF6cf59f325afDfcD3Ddf7 receives a Dagger Fist asset.,Arbitrum,42161,4,AirdropV4BannysArbitrum4,148,119,standalone_asset,Fist,12,Dagger,49,49000000088,49000000088,0x7C3F14075F6477fea1aF6cf59f325afDfcD3Ddf7,0x7C3F14075F6477fea1aF6cf59f325afDfcD3Ddf7,,,,,Asset is not worn by a Banny and is transferred directly.
0x7C3F14075F6477fea1aF6cf59f325afDfcD3Ddf7 receives a Dagger Fist asset.,Arbitrum,42161,4,AirdropV4BannysArbitrum4,149,120,standalone_asset,Fist,12,Dagger,49,49000000089,49000000089,0x7C3F14075F6477fea1aF6cf59f325afDfcD3Ddf7,0x7C3F14075F6477fea1aF6cf59f325afDfcD3Ddf7,,,,,Asset is not worn by a Banny and is transferred directly.
0x7C3F14075F6477fea1aF6cf59f325afDfcD3Ddf7 receives a Dagger Fist asset.,Arbitrum,42161,4,AirdropV4BannysArbitrum4,150,121,standalone_asset,Fist,12,Dagger,49,49000000090,49000000090,0x7C3F14075F6477fea1aF6cf59f325afDfcD3Ddf7,0x7C3F14075F6477fea1aF6cf59f325afDfcD3Ddf7,,,,,Asset is not worn by a Banny and is transferred directly.
0x7C3F14075F6477fea1aF6cf59f325afDfcD3Ddf7 receives a Dagger Fist asset.,Arbitrum,42161,4,AirdropV4BannysArbitrum4,151,122,standalone_asset,Fist,12,Dagger,49,49000000091,49000000091,0x7C3F14075F6477fea1aF6cf59f325afDfcD3Ddf7,0x7C3F14075F6477fea1aF6cf59f325afDfcD3Ddf7,,,,,Asset is not worn by a Banny and is transferred directly.
0x7C3F14075F6477fea1aF6cf59f325afDfcD3Ddf7 receives a Dagger Fist asset.,Arbitrum,42161,4,AirdropV4BannysArbitrum4,152,123,standalone_asset,Fist,12,Dagger,49,49000000092,49000000092,0x7C3F14075F6477fea1aF6cf59f325afDfcD3Ddf7,0x7C3F14075F6477fea1aF6cf59f325afDfcD3Ddf7,,,,,Asset is not worn by a Banny and is transferred directly.
0x7C3F14075F6477fea1aF6cf59f325afDfcD3Ddf7 receives a Dagger Fist asset.,Arbitrum,42161,4,AirdropV4BannysArbitrum4,153,124,standalone_asset,Fist,12,Dagger,49,49000000093,49000000093,0x7C3F14075F6477fea1aF6cf59f325afDfcD3Ddf7,0x7C3F14075F6477fea1aF6cf59f325afDfcD3Ddf7,,,,,Asset is not worn by a Banny and is transferred directly.
0x7C3F14075F6477fea1aF6cf59f325afDfcD3Ddf7 receives a Dagger Fist asset.,Arbitrum,42161,4,AirdropV4BannysArbitrum4,154,125,standalone_asset,Fist,12,Dagger,49,49000000094,49000000094,0x7C3F14075F6477fea1aF6cf59f325afDfcD3Ddf7,0x7C3F14075F6477fea1aF6cf59f325afDfcD3Ddf7,,,,,Asset is not worn by a Banny and is transferred directly.
0x7C3F14075F6477fea1aF6cf59f325afDfcD3Ddf7 receives a Dagger Fist asset.,Arbitrum,42161,4,AirdropV4BannysArbitrum4,155,126,standalone_asset,Fist,12,Dagger,49,49000000095,49000000095,0x7C3F14075F6477fea1aF6cf59f325afDfcD3Ddf7,0x7C3F14075F6477fea1aF6cf59f325afDfcD3Ddf7,,,,,Asset is not worn by a Banny and is transferred directly.
0x7C3F14075F6477fea1aF6cf59f325afDfcD3Ddf7 receives a Dagger Fist asset.,Arbitrum,42161,4,AirdropV4BannysArbitrum4,156,127,standalone_asset,Fist,12,Dagger,49,49000000096,49000000096,0x7C3F14075F6477fea1aF6cf59f325afDfcD3Ddf7,0x7C3F14075F6477fea1aF6cf59f325afDfcD3Ddf7,,,,,Asset is not worn by a Banny and is transferred directly.
0x7C3F14075F6477fea1aF6cf59f325afDfcD3Ddf7 receives a Dagger Fist asset.,Arbitrum,42161,4,AirdropV4BannysArbitrum4,157,128,standalone_asset,Fist,12,Dagger,49,49000000097,49000000097,0x7C3F14075F6477fea1aF6cf59f325afDfcD3Ddf7,0x7C3F14075F6477fea1aF6cf59f325afDfcD3Ddf7,,,,,Asset is not worn by a Banny and is transferred directly.
0x7C3F14075F6477fea1aF6cf59f325afDfcD3Ddf7 receives a Dagger Fist asset.,Arbitrum,42161,4,AirdropV4BannysArbitrum4,158,129,standalone_asset,Fist,12,Dagger,49,49000000098,49000000098,0x7C3F14075F6477fea1aF6cf59f325afDfcD3Ddf7,0x7C3F14075F6477fea1aF6cf59f325afDfcD3Ddf7,,,,,Asset is not worn by a Banny and is transferred directly.
0x7C3F14075F6477fea1aF6cf59f325afDfcD3Ddf7 receives a Dagger Fist asset.,Arbitrum,42161,4,AirdropV4BannysArbitrum4,159,130,standalone_asset,Fist,12,Dagger,49,49000000099,49000000099,0x7C3F14075F6477fea1aF6cf59f325afDfcD3Ddf7,0x7C3F14075F6477fea1aF6cf59f325afDfcD3Ddf7,,,,,Asset is not worn by a Banny and is transferred directly.
0x7C3F14075F6477fea1aF6cf59f325afDfcD3Ddf7 receives a Dagger Fist asset.,Arbitrum,42161,4,AirdropV4BannysArbitrum4,160,131,standalone_asset,Fist,12,Dagger,49,49000000100,49000000100,0x7C3F14075F6477fea1aF6cf59f325afDfcD3Ddf7,0x7C3F14075F6477fea1aF6cf59f325afDfcD3Ddf7,,,,,Asset is not worn by a Banny and is transferred directly.
0x7C3F14075F6477fea1aF6cf59f325afDfcD3Ddf7 receives a Dagger Fist asset.,Arbitrum,42161,4,AirdropV4BannysArbitrum4,161,132,standalone_asset,Fist,12,Dagger,49,49000000101,49000000101,0x7C3F14075F6477fea1aF6cf59f325afDfcD3Ddf7,0x7C3F14075F6477fea1aF6cf59f325afDfcD3Ddf7,,,,,Asset is not worn by a Banny and is transferred directly.
0x7C3F14075F6477fea1aF6cf59f325afDfcD3Ddf7 receives a Dagger Fist asset.,Arbitrum,42161,4,AirdropV4BannysArbitrum4,162,133,standalone_asset,Fist,12,Dagger,49,49000000102,49000000102,0x7C3F14075F6477fea1aF6cf59f325afDfcD3Ddf7,0x7C3F14075F6477fea1aF6cf59f325afDfcD3Ddf7,,,,,Asset is not worn by a Banny and is transferred directly.
0x7C3F14075F6477fea1aF6cf59f325afDfcD3Ddf7 receives a Dagger Fist asset.,Arbitrum,42161,4,AirdropV4BannysArbitrum4,163,134,standalone_asset,Fist,12,Dagger,49,49000000103,49000000103,0x7C3F14075F6477fea1aF6cf59f325afDfcD3Ddf7,0x7C3F14075F6477fea1aF6cf59f325afDfcD3Ddf7,,,,,Asset is not worn by a Banny and is transferred directly.
0x7C3F14075F6477fea1aF6cf59f325afDfcD3Ddf7 receives a Dagger Fist asset.,Arbitrum,42161,4,AirdropV4BannysArbitrum4,164,135,standalone_asset,Fist,12,Dagger,49,49000000104,49000000104,0x7C3F14075F6477fea1aF6cf59f325afDfcD3Ddf7,0x7C3F14075F6477fea1aF6cf59f325afDfcD3Ddf7,,,,,Asset is not worn by a Banny and is transferred directly.
0x7C3F14075F6477fea1aF6cf59f325afDfcD3Ddf7 receives a Dagger Fist asset.,Arbitrum,42161,4,AirdropV4BannysArbitrum4,165,136,standalone_asset,Fist,12,Dagger,49,49000000105,49000000105,0x7C3F14075F6477fea1aF6cf59f325afDfcD3Ddf7,0x7C3F14075F6477fea1aF6cf59f325afDfcD3Ddf7,,,,,Asset is not worn by a Banny and is transferred directly.
0x7C3F14075F6477fea1aF6cf59f325afDfcD3Ddf7 receives a Dagger Fist asset.,Arbitrum,42161,4,AirdropV4BannysArbitrum4,166,137,standalone_asset,Fist,12,Dagger,49,49000000106,49000000106,0x7C3F14075F6477fea1aF6cf59f325afDfcD3Ddf7,0x7C3F14075F6477fea1aF6cf59f325afDfcD3Ddf7,,,,,Asset is not worn by a Banny and is transferred directly.
0x7C3F14075F6477fea1aF6cf59f325afDfcD3Ddf7 receives a Dagger Fist asset.,Arbitrum,42161,4,AirdropV4BannysArbitrum4,167,138,standalone_asset,Fist,12,Dagger,49,49000000107,49000000107,0x7C3F14075F6477fea1aF6cf59f325afDfcD3Ddf7,0x7C3F14075F6477fea1aF6cf59f325afDfcD3Ddf7,,,,,Asset is not worn by a Banny and is transferred directly.
0x7C3F14075F6477fea1aF6cf59f325afDfcD3Ddf7 receives a Dagger Fist asset.,Arbitrum,42161,4,AirdropV4BannysArbitrum4,168,139,standalone_asset,Fist,12,Dagger,49,49000000108,49000000108,0x7C3F14075F6477fea1aF6cf59f325afDfcD3Ddf7,0x7C3F14075F6477fea1aF6cf59f325afDfcD3Ddf7,,,,,Asset is not worn by a Banny and is transferred directly.
0x7C3F14075F6477fea1aF6cf59f325afDfcD3Ddf7 receives a Dagger Fist asset.,Arbitrum,42161,4,AirdropV4BannysArbitrum4,169,140,standalone_asset,Fist,12,Dagger,49,49000000109,49000000109,0x7C3F14075F6477fea1aF6cf59f325afDfcD3Ddf7,0x7C3F14075F6477fea1aF6cf59f325afDfcD3Ddf7,,,,,Asset is not worn by a Banny and is transferred directly.
0x7C3F14075F6477fea1aF6cf59f325afDfcD3Ddf7 receives a Dagger Fist asset.,Arbitrum,42161,4,AirdropV4BannysArbitrum4,170,141,standalone_asset,Fist,12,Dagger,49,49000000110,49000000110,0x7C3F14075F6477fea1aF6cf59f325afDfcD3Ddf7,0x7C3F14075F6477fea1aF6cf59f325afDfcD3Ddf7,,,,,Asset is not worn by a Banny and is transferred directly.
0x7C3F14075F6477fea1aF6cf59f325afDfcD3Ddf7 receives a Dagger Fist asset.,Arbitrum,42161,4,AirdropV4BannysArbitrum4,171,142,standalone_asset,Fist,12,Dagger,49,49000000111,49000000111,0x7C3F14075F6477fea1aF6cf59f325afDfcD3Ddf7,0x7C3F14075F6477fea1aF6cf59f325afDfcD3Ddf7,,,,,Asset is not worn by a Banny and is transferred directly.
0x7C3F14075F6477fea1aF6cf59f325afDfcD3Ddf7 receives a Dagger Fist asset.,Arbitrum,42161,4,AirdropV4BannysArbitrum4,172,143,standalone_asset,Fist,12,Dagger,49,49000000112,49000000112,0x7C3F14075F6477fea1aF6cf59f325afDfcD3Ddf7,0x7C3F14075F6477fea1aF6cf59f325afDfcD3Ddf7,,,,,Asset is not worn by a Banny and is transferred directly.
0x7C3F14075F6477fea1aF6cf59f325afDfcD3Ddf7 receives a Dagger Fist asset.,Arbitrum,42161,4,AirdropV4BannysArbitrum4,173,144,standalone_asset,Fist,12,Dagger,49,49000000113,49000000113,0x7C3F14075F6477fea1aF6cf59f325afDfcD3Ddf7,0x7C3F14075F6477fea1aF6cf59f325afDfcD3Ddf7,,,,,Asset is not worn by a Banny and is transferred directly.
0x7C3F14075F6477fea1aF6cf59f325afDfcD3Ddf7 receives a Dagger Fist asset.,Arbitrum,42161,4,AirdropV4BannysArbitrum4,174,145,standalone_asset,Fist,12,Dagger,49,49000000114,49000000114,0x7C3F14075F6477fea1aF6cf59f325afDfcD3Ddf7,0x7C3F14075F6477fea1aF6cf59f325afDfcD3Ddf7,,,,,Asset is not worn by a Banny and is transferred directly.
0x7C3F14075F6477fea1aF6cf59f325afDfcD3Ddf7 receives a Dagger Fist asset.,Arbitrum,42161,4,AirdropV4BannysArbitrum4,175,146,standalone_asset,Fist,12,Dagger,49,49000000115,49000000115,0x7C3F14075F6477fea1aF6cf59f325afDfcD3Ddf7,0x7C3F14075F6477fea1aF6cf59f325afDfcD3Ddf7,,,,,Asset is not worn by a Banny and is transferred directly.
0x7C3F14075F6477fea1aF6cf59f325afDfcD3Ddf7 receives a Dagger Fist asset.,Arbitrum,42161,4,AirdropV4BannysArbitrum4,176,147,standalone_asset,Fist,12,Dagger,49,49000000116,49000000116,0x7C3F14075F6477fea1aF6cf59f325afDfcD3Ddf7,0x7C3F14075F6477fea1aF6cf59f325afDfcD3Ddf7,,,,,Asset is not worn by a Banny and is transferred directly.
0x7C3F14075F6477fea1aF6cf59f325afDfcD3Ddf7 receives a Dagger Fist asset.,Arbitrum,42161,4,AirdropV4BannysArbitrum4,177,148,standalone_asset,Fist,12,Dagger,49,49000000117,49000000117,0x7C3F14075F6477fea1aF6cf59f325afDfcD3Ddf7,0x7C3F14075F6477fea1aF6cf59f325afDfcD3Ddf7,,,,,Asset is not worn by a Banny and is transferred directly.
0x7C3F14075F6477fea1aF6cf59f325afDfcD3Ddf7 receives a Dagger Fist asset.,Arbitrum,42161,4,AirdropV4BannysArbitrum4,178,149,standalone_asset,Fist,12,Dagger,49,49000000118,49000000118,0x7C3F14075F6477fea1aF6cf59f325afDfcD3Ddf7,0x7C3F14075F6477fea1aF6cf59f325afDfcD3Ddf7,,,,,Asset is not worn by a Banny and is transferred directly.
0x7C3F14075F6477fea1aF6cf59f325afDfcD3Ddf7 receives a Dagger Fist asset.,Arbitrum,42161,4,AirdropV4BannysArbitrum4,179,150,standalone_asset,Fist,12,Dagger,49,49000000119,49000000119,0x7C3F14075F6477fea1aF6cf59f325afDfcD3Ddf7,0x7C3F14075F6477fea1aF6cf59f325afDfcD3Ddf7,,,,,Asset is not worn by a Banny and is transferred directly.
0x7C3F14075F6477fea1aF6cf59f325afDfcD3Ddf7 receives a Dagger Fist asset.,Arbitrum,42161,4,AirdropV4BannysArbitrum4,180,151,standalone_asset,Fist,12,Dagger,49,49000000120,49000000120,0x7C3F14075F6477fea1aF6cf59f325afDfcD3Ddf7,0x7C3F14075F6477fea1aF6cf59f325afDfcD3Ddf7,,,,,Asset is not worn by a Banny and is transferred directly.
0x7C3F14075F6477fea1aF6cf59f325afDfcD3Ddf7 receives a Dagger Fist asset.,Arbitrum,42161,4,AirdropV4BannysArbitrum4,181,152,standalone_asset,Fist,12,Dagger,49,49000000121,49000000121,0x7C3F14075F6477fea1aF6cf59f325afDfcD3Ddf7,0x7C3F14075F6477fea1aF6cf59f325afDfcD3Ddf7,,,,,Asset is not worn by a Banny and is transferred directly.
0x7C3F14075F6477fea1aF6cf59f325afDfcD3Ddf7 receives a Dagger Fist asset.,Arbitrum,42161,4,AirdropV4BannysArbitrum4,182,153,standalone_asset,Fist,12,Dagger,49,49000000122,49000000122,0x7C3F14075F6477fea1aF6cf59f325afDfcD3Ddf7,0x7C3F14075F6477fea1aF6cf59f325afDfcD3Ddf7,,,,,Asset is not worn by a Banny and is transferred directly.
0x7C3F14075F6477fea1aF6cf59f325afDfcD3Ddf7 receives a Dagger Fist asset.,Arbitrum,42161,4,AirdropV4BannysArbitrum4,183,154,standalone_asset,Fist,12,Dagger,49,49000000123,49000000123,0x7C3F14075F6477fea1aF6cf59f325afDfcD3Ddf7,0x7C3F14075F6477fea1aF6cf59f325afDfcD3Ddf7,,,,,Asset is not worn by a Banny and is transferred directly.
0x7C3F14075F6477fea1aF6cf59f325afDfcD3Ddf7 receives a Dagger Fist asset.,Arbitrum,42161,4,AirdropV4BannysArbitrum4,184,155,standalone_asset,Fist,12,Dagger,49,49000000124,49000000124,0x7C3F14075F6477fea1aF6cf59f325afDfcD3Ddf7,0x7C3F14075F6477fea1aF6cf59f325afDfcD3Ddf7,,,,,Asset is not worn by a Banny and is transferred directly.
0x7C3F14075F6477fea1aF6cf59f325afDfcD3Ddf7 receives a Dagger Fist asset.,Arbitrum,42161,4,AirdropV4BannysArbitrum4,185,156,standalone_asset,Fist,12,Dagger,49,49000000125,49000000125,0x7C3F14075F6477fea1aF6cf59f325afDfcD3Ddf7,0x7C3F14075F6477fea1aF6cf59f325afDfcD3Ddf7,,,,,Asset is not worn by a Banny and is transferred directly.
0x7C3F14075F6477fea1aF6cf59f325afDfcD3Ddf7 receives a Dagger Fist asset.,Arbitrum,42161,4,AirdropV4BannysArbitrum4,186,157,standalone_asset,Fist,12,Dagger,49,49000000126,49000000126,0x7C3F14075F6477fea1aF6cf59f325afDfcD3Ddf7,0x7C3F14075F6477fea1aF6cf59f325afDfcD3Ddf7,,,,,Asset is not worn by a Banny and is transferred directly.
0x7C3F14075F6477fea1aF6cf59f325afDfcD3Ddf7 receives a Dagger Fist asset.,Arbitrum,42161,4,AirdropV4BannysArbitrum4,187,158,standalone_asset,Fist,12,Dagger,49,49000000127,49000000127,0x7C3F14075F6477fea1aF6cf59f325afDfcD3Ddf7,0x7C3F14075F6477fea1aF6cf59f325afDfcD3Ddf7,,,,,Asset is not worn by a Banny and is transferred directly.
0x7C3F14075F6477fea1aF6cf59f325afDfcD3Ddf7 receives a Dagger Fist asset.,Arbitrum,42161,4,AirdropV4BannysArbitrum4,188,159,standalone_asset,Fist,12,Dagger,49,49000000128,49000000128,0x7C3F14075F6477fea1aF6cf59f325afDfcD3Ddf7,0x7C3F14075F6477fea1aF6cf59f325afDfcD3Ddf7,,,,,Asset is not worn by a Banny and is transferred directly.
0x7C3F14075F6477fea1aF6cf59f325afDfcD3Ddf7 receives a Dagger Fist asset.,Arbitrum,42161,4,AirdropV4BannysArbitrum4,189,160,standalone_asset,Fist,12,Dagger,49,49000000129,49000000129,0x7C3F14075F6477fea1aF6cf59f325afDfcD3Ddf7,0x7C3F14075F6477fea1aF6cf59f325afDfcD3Ddf7,,,,,Asset is not worn by a Banny and is transferred directly.
0x7C3F14075F6477fea1aF6cf59f325afDfcD3Ddf7 receives a Dagger Fist asset.,Arbitrum,42161,4,AirdropV4BannysArbitrum4,190,161,standalone_asset,Fist,12,Dagger,49,49000000130,49000000130,0x7C3F14075F6477fea1aF6cf59f325afDfcD3Ddf7,0x7C3F14075F6477fea1aF6cf59f325afDfcD3Ddf7,,,,,Asset is not worn by a Banny and is transferred directly.
0x7C3F14075F6477fea1aF6cf59f325afDfcD3Ddf7 receives a Dagger Fist asset.,Arbitrum,42161,4,AirdropV4BannysArbitrum4,191,162,standalone_asset,Fist,12,Dagger,49,49000000131,49000000131,0x7C3F14075F6477fea1aF6cf59f325afDfcD3Ddf7,0x7C3F14075F6477fea1aF6cf59f325afDfcD3Ddf7,,,,,Asset is not worn by a Banny and is transferred directly.
0x7C3F14075F6477fea1aF6cf59f325afDfcD3Ddf7 receives a Dagger Fist asset.,Arbitrum,42161,4,AirdropV4BannysArbitrum4,192,163,standalone_asset,Fist,12,Dagger,49,49000000132,49000000132,0x7C3F14075F6477fea1aF6cf59f325afDfcD3Ddf7,0x7C3F14075F6477fea1aF6cf59f325afDfcD3Ddf7,,,,,Asset is not worn by a Banny and is transferred directly.
0x7C3F14075F6477fea1aF6cf59f325afDfcD3Ddf7 receives a Dagger Fist asset.,Arbitrum,42161,4,AirdropV4BannysArbitrum4,193,164,standalone_asset,Fist,12,Dagger,49,49000000133,49000000133,0x7C3F14075F6477fea1aF6cf59f325afDfcD3Ddf7,0x7C3F14075F6477fea1aF6cf59f325afDfcD3Ddf7,,,,,Asset is not worn by a Banny and is transferred directly.
0x7C3F14075F6477fea1aF6cf59f325afDfcD3Ddf7 receives a Dagger Fist asset.,Arbitrum,42161,4,AirdropV4BannysArbitrum4,194,165,standalone_asset,Fist,12,Dagger,49,49000000134,49000000134,0x7C3F14075F6477fea1aF6cf59f325afDfcD3Ddf7,0x7C3F14075F6477fea1aF6cf59f325afDfcD3Ddf7,,,,,Asset is not worn by a Banny and is transferred directly.
0x7C3F14075F6477fea1aF6cf59f325afDfcD3Ddf7 receives a Dagger Fist asset.,Arbitrum,42161,4,AirdropV4BannysArbitrum4,195,166,standalone_asset,Fist,12,Dagger,49,49000000135,49000000135,0x7C3F14075F6477fea1aF6cf59f325afDfcD3Ddf7,0x7C3F14075F6477fea1aF6cf59f325afDfcD3Ddf7,,,,,Asset is not worn by a Banny and is transferred directly.
0x7C3F14075F6477fea1aF6cf59f325afDfcD3Ddf7 receives a Dagger Fist asset.,Arbitrum,42161,4,AirdropV4BannysArbitrum4,196,167,standalone_asset,Fist,12,Dagger,49,49000000136,49000000136,0x7C3F14075F6477fea1aF6cf59f325afDfcD3Ddf7,0x7C3F14075F6477fea1aF6cf59f325afDfcD3Ddf7,,,,,Asset is not worn by a Banny and is transferred directly.
0x7C3F14075F6477fea1aF6cf59f325afDfcD3Ddf7 receives a Dagger Fist asset.,Arbitrum,42161,4,AirdropV4BannysArbitrum4,197,168,standalone_asset,Fist,12,Dagger,49,49000000137,49000000137,0x7C3F14075F6477fea1aF6cf59f325afDfcD3Ddf7,0x7C3F14075F6477fea1aF6cf59f325afDfcD3Ddf7,,,,,Asset is not worn by a Banny and is transferred directly.
0x7C3F14075F6477fea1aF6cf59f325afDfcD3Ddf7 receives a Dagger Fist asset.,Arbitrum,42161,4,AirdropV4BannysArbitrum4,198,169,standalone_asset,Fist,12,Dagger,49,49000000138,49000000138,0x7C3F14075F6477fea1aF6cf59f325afDfcD3Ddf7,0x7C3F14075F6477fea1aF6cf59f325afDfcD3Ddf7,,,,,Asset is not worn by a Banny and is transferred directly.
0x7C3F14075F6477fea1aF6cf59f325afDfcD3Ddf7 receives a Dagger Fist asset.,Arbitrum,42161,4,AirdropV4BannysArbitrum4,199,170,standalone_asset,Fist,12,Dagger,49,49000000139,49000000139,0x7C3F14075F6477fea1aF6cf59f325afDfcD3Ddf7,0x7C3F14075F6477fea1aF6cf59f325afDfcD3Ddf7,,,,,Asset is not worn by a Banny and is transferred directly.
0x7C3F14075F6477fea1aF6cf59f325afDfcD3Ddf7 receives a Dagger Fist asset.,Arbitrum,42161,4,AirdropV4BannysArbitrum4,200,171,standalone_asset,Fist,12,Dagger,49,49000000140,49000000140,0x7C3F14075F6477fea1aF6cf59f325afDfcD3Ddf7,0x7C3F14075F6477fea1aF6cf59f325afDfcD3Ddf7,,,,,Asset is not worn by a Banny and is transferred directly.
0x7C3F14075F6477fea1aF6cf59f325afDfcD3Ddf7 receives a Dagger Fist asset.,Arbitrum,42161,4,AirdropV4BannysArbitrum4,201,172,standalone_asset,Fist,12,Dagger,49,49000000141,49000000141,0x7C3F14075F6477fea1aF6cf59f325afDfcD3Ddf7,0x7C3F14075F6477fea1aF6cf59f325afDfcD3Ddf7,,,,,Asset is not worn by a Banny and is transferred directly.
0x7C3F14075F6477fea1aF6cf59f325afDfcD3Ddf7 receives a Dagger Fist asset.,Arbitrum,42161,4,AirdropV4BannysArbitrum4,202,173,standalone_asset,Fist,12,Dagger,49,49000000142,49000000142,0x7C3F14075F6477fea1aF6cf59f325afDfcD3Ddf7,0x7C3F14075F6477fea1aF6cf59f325afDfcD3Ddf7,,,,,Asset is not worn by a Banny and is transferred directly.
0x7C3F14075F6477fea1aF6cf59f325afDfcD3Ddf7 receives a Dagger Fist asset.,Arbitrum,42161,4,AirdropV4BannysArbitrum4,203,174,standalone_asset,Fist,12,Dagger,49,49000000143,49000000143,0x7C3F14075F6477fea1aF6cf59f325afDfcD3Ddf7,0x7C3F14075F6477fea1aF6cf59f325afDfcD3Ddf7,,,,,Asset is not worn by a Banny and is transferred directly.
0x7C3F14075F6477fea1aF6cf59f325afDfcD3Ddf7 receives a Dagger Fist asset.,Arbitrum,42161,4,AirdropV4BannysArbitrum4,204,175,standalone_asset,Fist,12,Dagger,49,49000000144,49000000144,0x7C3F14075F6477fea1aF6cf59f325afDfcD3Ddf7,0x7C3F14075F6477fea1aF6cf59f325afDfcD3Ddf7,,,,,Asset is not worn by a Banny and is transferred directly.
0x7C3F14075F6477fea1aF6cf59f325afDfcD3Ddf7 receives a Dagger Fist asset.,Arbitrum,42161,4,AirdropV4BannysArbitrum4,205,176,standalone_asset,Fist,12,Dagger,49,49000000145,49000000145,0x7C3F14075F6477fea1aF6cf59f325afDfcD3Ddf7,0x7C3F14075F6477fea1aF6cf59f325afDfcD3Ddf7,,,,,Asset is not worn by a Banny and is transferred directly.
