chain,chain_id,recipient_address,recipient_kind,can_receive_erc721,contract_label,safe_version,body_receipts,direct_asset_receipts,total_receipts,example_assets,on_erc721_received_result
Ethereum,1,0x0447AD1BdC0fFA06f7029c8E63F4De21E65255d2,EOA/no-code,n/a,,,1,3,4,Original body V4 4000000008; V4 19000000001; V4 28000000003; V4 47000000002,
Ethereum,1,0x08cEb8Bba685ee708C9c4c65576837cbE19B9dea,EOA/no-code,n/a,,,1,1,2,Original body V4 4000000020; V4 31000000005,
Ethereum,1,0x08cF1208e638a5A3623be58d600e35c6199baa9C,EOA/no-code,n/a,,,2,5,7,Orange body V4 3000000017; Original body V4 4000000038; V4 19000000010; V4 28000000006; V4 31000000008; V4 47000000004,
Ethereum,1,0x0b2c9E0ee3057f4B9b0c2e42894a3D5A9B32b5Af,EOA/no-code,n/a,,,1,0,1,Orange body V4 3000000010,
Ethereum,1,0x0Cb1D93daEc77Df2ED7Db31C040Fd2174452bD9F,EOA/no-code,n/a,,,1,0,1,Orange body V4 3000000011,
Ethereum,1,0x126eeFa566ABF5aC3EfDAeF52d79E962CFFdB448,EOA/no-code,n/a,,,2,0,2,Orange body V4 3000000004; Original body V4 4000000018,
Ethereum,1,0x15b61e9b0637f45dc0858f083cd240267924125d,EOA/no-code,n/a,,,1,5,6,Pink body V4 2000000003; V4 6000000007; V4 14000000004; V4 20000000004; V4 35000000008; V4 48000000004,
Ethereum,1,0x1786D033D5CbCC235B673e872c7613c2F83DA583,contract,true,ERC721 receiver-capable contract,,1,1,2,Orange body V4 3000000007; V4 43000000004,0x150b7a0200000000000000000000000000000000000000000000000000000000
Ethereum,1,0x1Ae766cc5947e1E4C3538EE1F3f47063D2B40E79,EOA/no-code,n/a,,,1,6,7,Orange body V4 3000000018; V4 5000000003; V4 6000000006; V4 11000000001; V4 29000000001; V4 37000000002,
Ethereum,1,0x1C51517d8277C9aD6d701Fb5394ceC0C18219eDb,EOA/no-code,n/a,,,1,0,1,Orange body V4 3000000006,
Ethereum,1,0x1c6d61F3d8976A8aCDd311ecdFa533B8ECd0AC61,EOA/no-code,n/a,,,1,3,4,Original body V4 4000000084; V4 26000000007; V4 40000000003; V4 41000000005,
Ethereum,1,0x21a8f5A6bF893D43d3964dDaf4E04766BBBE9b07,EOA/no-code,n/a,,,1,2,3,Original body V4 4000000002; V4 28000000001; V4 43000000001,
Ethereum,1,0x25171bD3cD3231c3057c96F38E32E3bA6681497a,EOA/no-code,n/a,,,1,0,1,Original body V4 4000000013,
Ethereum,1,0x289715fFBB2f4b482e2917D2f183FeAb564ec84F,EOA/no-code,n/a,,,1,1,2,Orange body V4 3000000005; V4 20000000002,
Ethereum,1,0x2feb329b9289b60064904Fa61Fc347157a5AEd6a,EOA/no-code,n/a,,,1,0,1,Original body V4 4000000079,
Ethereum,1,0x30670D81E487c80b9EDc54370e6EaF943B6EAB39,EOA/no-code,n/a,,,1,0,1,Original body V4 4000000054,
Ethereum,1,0x34724D71cE674FcD4d06e60Dd1BaA88c14D36b75,EOA/no-code,n/a,,,1,0,1,Original body V4 4000000056,
Ethereum,1,0x35a21F7c053Aed0Dcf9E24BfB100acA163aeDdB2,EOA/no-code,n/a,,,1,11,12,Original body V4 4000000083; V4 10000000014; V4 13000000004; V4 19000000022; V4 25000000012; V4 26000000006,
Ethereum,1,0x381CC779761212344f8400373a994d29E17522c6,EOA/no-code,n/a,,,1,0,1,Original body V4 4000000039,
Ethereum,1,0x38EED3CCeED88f380E436eb21811250797c453C5,EOA/no-code,n/a,,,1,1,2,Orange body V4 3000000008; V4 44000000005,
Ethereum,1,0x45C3d8Aacc0d537dAc234AD4C20Ef05d6041CeFe,EOA/no-code,n/a,,,2,3,5,Pink body V4 2000000005; Orange body V4 3000000021; V4 32000000004; V4 44000000007; V4 47000000008,
Ethereum,1,0x46f3cC6a1c00A5cD8864d2B92f128196CAE07D15,EOA/no-code,n/a,,,1,0,1,Original body V4 4000000037,
Ethereum,1,0x4A290F18c35bBFE97B2557cf765De9387726dE39,EOA/no-code,n/a,,,1,2,3,Original body V4 4000000012; V4 10000000004; V4 44000000002,
Ethereum,1,0x4A8a9147ab0DF5A8949f964bDBA22dc4583280E2,EOA/no-code,n/a,,,1,4,5,Original body V4 4000000053; V4 10000000013; V4 19000000014; V4 28000000007; V4 43000000010,
Ethereum,1,0x5138a42C3D5065debE950deBDa10C1f38150a908,EOA/no-code,n/a,,,1,0,1,Original body V4 4000000085,
Ethereum,1,0x516cAfD745Ec780D20f61c0d71fe258eA765222D,EOA/no-code,n/a,,,1,1,2,Orange body V4 3000000003; V4 19000000003,
Ethereum,1,0x546B4A7A30b3193Badf70E1d43D8142928F3db0b,EOA/no-code,n/a,,,1,0,1,Orange body V4 3000000016,
Ethereum,1,0x5706d5aD7A68bf8692bD341234bE44ca7Bf2f654,contract,true,ERC721 receiver-capable contract,,1,0,1,Original body V4 4000000009,0x150b7a0200000000000000000000000000000000000000000000000000000000
Ethereum,1,0x59E98040E53d7dC1900B4daf36D9Fbbd4a8f1dA2,EOA/no-code,n/a,,,3,0,3,Original body V4 4000000034; Original body V4 4000000035; Original body V4 4000000036,
Ethereum,1,0x5A00e8683f37e8B08C744054a0EF606a18b1aEF7,EOA/no-code,n/a,,,1,0,1,Original body V4 4000000033,
Ethereum,1,0x5dee86b297755b3F2ce65e09BA3A700579A9020B,EOA/no-code,n/a,,,1,0,1,Pink body V4 2000000006,
Ethereum,1,0x60535A6605958fFf6cEC5B1e92892601EFb3473b,contract,true,Safe wallet,1.3.0,1,0,1,Original body V4 4000000055,0x150b7a0200000000000000000000000000000000000000000000000000000000
Ethereum,1,0x63A2368F4B509438ca90186cb1C15156713D5834,EOA/no-code,n/a,,,2,0,2,Pink body V4 2000000002; Original body V4 4000000042,
Ethereum,1,0x679d87D8640e66778c3419D164998E720D7495f6,EOA/no-code,n/a,,,1,0,1,Original body V4 4000000010,
Ethereum,1,0x690C01b4b1389D9D9265820F77DCbD2A6Ad04e6c,EOA/no-code,n/a,,,2,0,2,Original body V4 4000000021; Original body V4 4000000022,
Ethereum,1,0x6a099Bb96DDF3963d5AddCAbDC0221914cF80b1F,EOA/no-code,n/a,,,1,0,1,Orange body V4 3000000013,
Ethereum,1,0x7044d88283c8FFF0679b711C0cd81f1a6754C843,EOA/no-code,n/a,,,0,1,1,V4 10000000009,
Ethereum,1,0x76A6D08b82034b397E7e09dAe4377C18F132BbB8,EOA/no-code,n/a,,,1,0,1,Original body V4 4000000015,
Ethereum,1,0x77fb4fa1ABA92576942aD34BC47834059b84e693,EOA/no-code,n/a,,,1,0,1,Original body V4 4000000019,
Ethereum,1,0x79d1E7F1A6E0Bbb3278a9d2B782e3A8983444cb6,EOA/no-code,n/a,,,1,1,2,Orange body V4 3000000015; V4 20000000003,
Ethereum,1,0x7a16eABD1413Bfd468aE9fEBF7C26c62f1fFdc59,EOA/no-code,n/a,,,1,2,3,Original body V4 4000000003; V4 31000000001; V4 47000000001,
Ethereum,1,0x7bE8c264c9DCebA3A35990c78d5C4220D8724B6e,EOA/no-code,n/a,,,10,1,11,Original body V4 4000000023; Original body V4 4000000024; Original body V4 4000000025; Original body V4 4000000026; Original body V4 4000000027; Original body V4 4000000028,
Ethereum,1,0x7C3F14075F6477fea1aF6cf59f325afDfcD3Ddf7,EOA/no-code,n/a,,,0,120,120,V4 49000000005; V4 49000000006; V4 49000000007; V4 49000000008; V4 49000000009; V4 49000000010,
Ethereum,1,0x7D0068d0D8fC2Aa15d897448B348Fa9B30f6d4c9,EOA/no-code,n/a,,,1,0,1,Orange body V4 3000000022,
Ethereum,1,0x80581C6e88Ce00095F85cdf24bB760f16d6eC0D6,EOA/no-code,n/a,,,1,0,1,Original body V4 4000000052,
Ethereum,1,0x809C9f8dd8CA93A41c3adca4972Fa234C28F7714,EOA/no-code,n/a,,,2,0,2,Original body V4 4000000016; Original body V4 4000000017,
Ethereum,1,0x817738DC393d682Ca5fBb268707b99F2aAe96baE,EOA/no-code,n/a,,,2,0,2,Orange body V4 3000000001; Original body V4 4000000011,
Ethereum,1,0x823b92d6a4b2AED4b15675c7917c9f922ea8ADAD,EOA/no-code,n/a,,,19,55,74,Orange body V4 3000000023; Orange body V4 3000000026; Original body V4 4000000041; Original body V4 4000000060; Original body V4 4000000061; Original body V4 4000000062,
Ethereum,1,0x849151d7D0bF1F34b70d5caD5149D28CC2308bf1,EOA/no-code,n/a,,,1,0,1,Original body V4 4000000040,
Ethereum,1,0x87084347AeBADc626e8569E0D386928dade2ba09,EOA/no-code,n/a,,,1,3,4,Orange body V4 3000000014; V4 14000000002; V4 19000000007; V4 28000000004,
Ethereum,1,0x898e24EBC9dAf5a9930f10def8B6a373F859C101,EOA/no-code,n/a,,,4,0,4,Orange body V4 3000000024; Orange body V4 3000000025; Original body V4 4000000058; Original body V4 4000000059,
Ethereum,1,0x8b80755C441d355405CA7571443Bb9247B77Ec16,contract,true,ERC721 receiver-capable contract,,2,0,2,Original body V4 4000000004; Original body V4 4000000005,0x150b7a0200000000000000000000000000000000000000000000000000000000
Ethereum,1,0x95E9A0c113AA9931a4230f91AdE08A491D3f8d54,EOA/no-code,n/a,,,5,0,5,Original body V4 4000000043; Original body V4 4000000044; Original body V4 4000000045; Original body V4 4000000046; Original body V4 4000000047,
Ethereum,1,0x961d4191965C49537c88F764D88318872CE405bE,EOA/no-code,n/a,,,1,1,2,Original body V4 4000000001; V4 42000000001,
Ethereum,1,0x9f729294b308f79243285348A7Be3f58ae5ED31A,EOA/no-code,n/a,,,1,0,1,Original body V4 4000000082,
Ethereum,1,0xa13d49fCbf79EAF6A0a58cBDD3361422DB4eAfF1,EOA/no-code,n/a,,,2,0,2,Orange body V4 3000000002; Original body V4 4000000006,
Ethereum,1,0xA2Fa6144168751D116336B58C5288feaF8bb12C1,contract,true,Safe wallet,1.3.0,1,0,1,Pink body V4 2000000001,0x150b7a0200000000000000000000000000000000000000000000000000000000
Ethereum,1,0xa7226e53F3100C093A0a5BCb6E3D0976EB3db1D6,EOA/no-code,n/a,,,1,0,1,Original body V4 4000000014,
Ethereum,1,0xA99c384f43e72B65BB51fE33b85CE12A32C09526,EOA/no-code,n/a,,,1,0,1,Original body V4 4000000057,
Ethereum,1,0xa9d20b435A85fAAa002f32d66F7D21564130E9cf,EOA/no-code,n/a,,,1,5,6,Orange body V4 3000000012; V4 6000000005; V4 19000000006; V4 25000000004; V4 35000000005; V4 44000000006,
Ethereum,1,0xAAeD9fFF9858d48925904E391B77892BA5Fda824,EOA/no-code,n/a,,,1,0,1,Original body V4 4000000078,
Ethereum,1,0xaECD6D9172d602b93dBA3981991268b44af8096e,EOA/no-code,n/a,,,6,33,39,Alien body V4 1000000001; Pink body V4 2000000004; Orange body V4 3000000020; Original body V4 4000000049; Original body V4 4000000076; Original body V4 4000000077,
Ethereum,1,0xBD07B7Ab42cE411A752DB600604ECA7fE5501947,EOA/no-code,n/a,,,1,0,1,Original body V4 4000000081,
Ethereum,1,0xDfd60a8E1e17FBb78E8CA332906A822D862f3D57,EOA/no-code,n/a,,,1,0,1,Original body V4 4000000080,
Ethereum,1,0xE16a238d207B9ac8B419C7A866b0De013c73357B,EOA/no-code,n/a,,,1,0,1,Orange body V4 3000000009,
Ethereum,1,0xe21A272c4D22eD40678a0168b4acd006bca8A482,contract,true,ERC721 receiver-capable contract,,3,4,7,Orange body V4 3000000019; Original body V4 4000000050; Original body V4 4000000051; V4 6000000009; V4 10000000010; V4 20000000006,0x150b7a0200000000000000000000000000000000000000000000000000000000
Ethereum,1,0xe7879a2D05dBA966Fcca34EE9C3F99eEe7eDEFd1,EOA/no-code,n/a,,,1,2,3,Original body V4 4000000007; V4 25000000001; V4 43000000002,
Ethereum,1,0xf0FE43a75Ff248FD2E75D33fa1ebde71c6d1abAd,EOA/no-code,n/a,,,0,3,3,V4 10000000008; V4 31000000004; V4 42000000003,
Ethereum,1,0xf32dd1Bd55bD14d929218499a2E7D106F72f79c7,EOA/no-code,n/a,,,1,0,1,Original body V4 4000000048,
Optimism,10,0x25910143C255828F623786f46fe9A8941B7983bB,EOA/no-code,n/a,,,1,0,1,Orange body V4 3000000001,
Optimism,10,0x292ff025168D2B51f0Ef49f164D281c36761BA2b,contract,true,ERC721 receiver-capable contract,,2,0,2,Orange body V4 3000000002; Original body V4 4000000003,0x150b7a0200000000000000000000000000000000000000000000000000000000
Optimism,10,0x57700212B1cB7b67bD7DF3801DA43CA634513fE0,EOA/no-code,n/a,,,1,0,1,Original body V4 4000000002,
Optimism,10,0xA2Fa6144168751D116336B58C5288feaF8bb12C1,EOA/no-code,n/a,,,0,1,1,Dorthy Shoes (V4 17000000001),
Optimism,10,0xA7a5A2745f10D5C23d75a6fd228A408cEDe1CAE5,EOA/no-code,n/a,,,1,0,1,Original body V4 4000000001,
Base,8453,0x18deEE9699526f8C8a87004b2e4e55029Fb26b9a,EOA/no-code,n/a,,,1,2,3,Original body V4 4000000046; V4 19000000002; V4 28000000003,
Base,8453,0x1C51517d8277C9aD6d701Fb5394ceC0C18219eDb,EOA/no-code,n/a,,,1,1,2,Original body V4 4000000051; V4 42000000001,
Base,8453,0x224aBa5D489675a7bD3CE07786FAda466b46FA0F,EOA/no-code,n/a,,,1,0,1,Original body V4 4000000073,
Base,8453,0x25171bD3cD3231c3057c96F38E32E3bA6681497a,EOA/no-code,n/a,,,1,0,1,Orange body V4 3000000001,
Base,8453,0x2830e21792019CE670fBc548AacB004b08c7f71f,contract,true,ERC721 receiver-capable contract,,6,0,6,Orange body V4 3000000004; Original body V4 4000000065; Original body V4 4000000066; Original body V4 4000000067; Original body V4 4000000068; Original body V4 4000000069,0x150b7a0200000000000000000000000000000000000000000000000000000000
Base,8453,0x28C173B8F20488eEF1b0f48Df8453A2f59C38337,contract,true,Safe wallet,1.3.0,1,0,1,Orange body V4 3000000008,0x150b7a0200000000000000000000000000000000000000000000000000000000
Base,8453,0x29f4aE3c24681940E537f72830b4Fe4076bDF9fe,EOA/no-code,n/a,,,5,0,5,Original body V4 4000000074; Original body V4 4000000075; Original body V4 4000000076; Original body V4 4000000077; Original body V4 4000000078,
Base,8453,0x328809A567b87b6123462c3062e8438BBB75c1c5,contract,true,Safe wallet,1.3.0,1,4,5,Orange body V4 3000000005; V4 6000000002; V4 10000000006; V4 28000000006; V4 43000000004,0x150b7a0200000000000000000000000000000000000000000000000000000000
Base,8453,0x34aA3F359A9D614239015126635CE7732c18fDF3,contract,true,ERC721 receiver-capable contract,,3,0,3,Original body V4 4000000090; Original body V4 4000000091; Original body V4 4000000092,0x150b7a0200000000000000000000000000000000000000000000000000000000
Base,8453,0x39a7B6fa1597BB6657Fe84e64E3B836c37d6F75d,contract,true,ERC721 receiver-capable contract,,1,0,1,Original body V4 4000000085,0x150b7a0200000000000000000000000000000000000000000000000000000000
Base,8453,0x3c2736f995535b5a755F3CE2BEb754362820671e,EOA/no-code,n/a,,,1,0,1,Original body V4 4000000080,
Base,8453,0x46f3cC6a1c00A5cD8864d2B92f128196CAE07D15,EOA/no-code,n/a,,,1,0,1,Original body V4 4000000070,
Base,8453,0x4718ce007293bCe1E514887E6F55ea71d9A992d6,EOA/no-code,n/a,,,1,0,1,Orange body V4 3000000002,
Base,8453,0x565B93a15d38aCD79c120b15432D21E21eD274d6,contract,true,Safe wallet,1.3.0,1,1,2,Pink body V4 2000000002; V4 35000000001,0x150b7a0200000000000000000000000000000000000000000000000000000000
Base,8453,0x57700212B1cB7b67bD7DF3801DA43CA634513fE0,EOA/no-code,n/a,,,2,0,2,Original body V4 4000000057; Original body V4 4000000058,
Base,8453,0x57a482EA32c7F75A9C0734206f5BD4f9BCb38e12,contract,true,Safe wallet,1.3.0,4,0,4,Orange body V4 3000000010; Original body V4 4000000086; Original body V4 4000000087; Original body V4 4000000088,0x150b7a0200000000000000000000000000000000000000000000000000000000
Base,8453,0x67BcBE602e870e2286C19E4E0044E583967c9665,EOA/no-code,n/a,,,1,0,1,Original body V4 4000000045,
Base,8453,0x6877be9E00d0bc5886c28419901E8cC98C1c2739,EOA/no-code,n/a,,,1,0,1,Original body V4 4000000081,
Base,8453,0x817738DC393d682Ca5fBb268707b99F2aAe96baE,EOA/no-code,n/a,,,2,0,2,Original body V4 4000000001; Original body V4 4000000072,
Base,8453,0x8b80755C441d355405CA7571443Bb9247B77Ec16,contract,true,ERC721 receiver-capable contract,,1,4,5,Original body V4 4000000079; V4 5000000002; V4 47000000006; V4 49000000001; V4 49000000002,0x150b7a0200000000000000000000000000000000000000000000000000000000
Base,8453,0x8DFBdEEC8c5d4970BB5F481C6ec7f73fa1C65be5,contract,true,ERC721 receiver-capable contract,,1,1,2,Original body V4 4000000082; V4 40000000002,0x150b7a0200000000000000000000000000000000000000000000000000000000
Base,8453,0x8e2B25dF2484000B9127b2D2F8E92079dcEE3E48,contract,true,ERC721 receiver-capable contract,,1,0,1,Original body V4 4000000071,0x150b7a0200000000000000000000000000000000000000000000000000000000
Base,8453,0x8Ec174c5d86469D1A74094E10485357eBFe2e08e,EOA/no-code,n/a,,,1,0,1,Original body V4 4000000053,
Base,8453,0x9342E2aC6dd4A907948E91E80D2734ecAC1D70eC,EOA/no-code,n/a,,,1,0,1,Original body V4 4000000059,
Base,8453,0x96D087aba8552A0e111D7fB4Feb2e7621213E244,EOA/no-code,n/a,,,6,0,6,Orange body V4 3000000003; Original body V4 4000000060; Original body V4 4000000061; Original body V4 4000000062; Original body V4 4000000063; Original body V4 4000000064,
Base,8453,0x99Fa48ccEa8a38CDE6B437450fF9bBdDAFAA4Fc8,contract,true,ERC721 receiver-capable contract,,1,2,3,Original body V4 4000000055; V4 31000000003; V4 47000000004,0x150b7a0200000000000000000000000000000000000000000000000000000000
Base,8453,0xa13d49fCbf79EAF6A0a58cBDD3361422DB4eAfF1,EOA/no-code,n/a,,,1,0,1,Original body V4 4000000050,
Base,8453,0xAAeD9fFF9858d48925904E391B77892BA5Fda824,contract,true,Safe wallet,1.3.0,2,0,2,Orange body V4 3000000006; Original body V4 4000000002,0x150b7a0200000000000000000000000000000000000000000000000000000000
Base,8453,0xAcD59e854adf632d2322404198624F757C868C97,EOA/no-code,n/a,,,2,0,2,Original body V4 4000000048; Original body V4 4000000049,
Base,8453,0xaECD6D9172d602b93dBA3981991268b44af8096e,EOA/no-code,n/a,,,1,4,5,Original body V4 4000000083; V4 11000000002; V4 19000000010; V4 24000000001; V4 34000000001,
Base,8453,0xb6ECb51e3638Eb7aa0C6289ef058DCa27494Acb2,EOA/no-code,n/a,,,1,0,1,Original body V4 4000000056,
Base,8453,0xbeC26FFa12c90217943D1b2958f60A821aE6E549,EOA/no-code,n/a,,,1,2,3,Original body V4 4000000052; V4 19000000004; V4 44000000003,
Base,8453,0xC5704f77f94087CC644d361A5A57295851d242aB,EOA/no-code,n/a,,,1,0,1,Original body V4 4000000054,
Base,8453,0xd2e44E40B5FB960A8A74dD7B9D6b7f14B805b50d,contract,true,ERC721 receiver-capable contract,,1,0,1,Original body V4 4000000094,0x150b7a0200000000000000000000000000000000000000000000000000000000
Base,8453,0xDdB4938755C243a4f60a2f2f8f95dF4F894c58Cc,contract,true,Safe wallet,1.3.0,1,0,1,Original body V4 4000000089,0x150b7a0200000000000000000000000000000000000000000000000000000000
Base,8453,0xDf087B724174A3E4eD2338C0798193932E851F1b,contract,true,Safe wallet,1.3.0,1,0,1,Orange body V4 3000000007,0x150b7a0200000000000000000000000000000000000000000000000000000000
Base,8453,0xF6cC71878e23c05406B35946CD9d378E0f2f4f2F,contract,true,ERC721 receiver-capable contract,,1,0,1,Original body V4 4000000093,0x150b7a0200000000000000000000000000000000000000000000000000000000
Base,8453,0xf7253A0E87E39d2cD6365919D4a3D56D431D0041,EOA/no-code,n/a,,,43,26,69,Pink body V4 2000000001; Original body V4 4000000003; Original body V4 4000000004; Original body V4 4000000005; Original body V4 4000000006; Original body V4 4000000007,
Base,8453,0xFB46349c0A3F04150E8c731B3A4fC415b0850CE3,EOA/no-code,n/a,,,1,3,4,Original body V4 4000000047; V4 10000000002; V4 25000000003; V4 47000000002,
Base,8453,0xFd37f4625CA5816157D55a5b3F7Dd8DD5F8a0C2F,EOA/no-code,n/a,,,3,3,6,Pink body V4 2000000003; Orange body V4 3000000009; Original body V4 4000000084; V4 11000000003; V4 35000000003; V4 38000000003,
Arbitrum,42161,0x08B3e694caA2F1fcF8eF71095CED1326f3454B89,EOA/no-code,n/a,,,1,0,1,Original body V4 4000000003,
Arbitrum,42161,0x187089B33E5812310Ed32A57F53B3fAD0383a19D,EOA/no-code,n/a,,,1,0,1,Original body V4 4000000005,
Arbitrum,42161,0x1C51517d8277C9aD6d701Fb5394ceC0C18219eDb,contract,true,Safe wallet,1.3.0,1,2,3,Original body V4 4000000001; V4 19000000002; V4 49000000001,0x150b7a0200000000000000000000000000000000000000000000000000000000
Arbitrum,42161,0x2aa64E6d80390F5C017F0313cB908051BE2FD35e,EOA/no-code,n/a,,,1,0,1,Orange body V4 3000000001,
Arbitrum,42161,0x57a482EA32c7F75A9C0734206f5BD4f9BCb38e12,EOA/no-code,n/a,,,2,2,4,Original body V4 4000000008; Original body V4 4000000009; V4 19000000004; V4 31000000002,
Arbitrum,42161,0x7C3F14075F6477fea1aF6cf59f325afDfcD3Ddf7,EOA/no-code,n/a,,,1,172,173,Orange body V4 3000000002; V4 5000000003; V4 32000000001; V4 39000000001; V4 47000000002; V4 47000000003,
Arbitrum,42161,0x9fDf876a50EA8f95017dCFC7709356887025B5BB,EOA/no-code,n/a,,,1,0,1,Original body V4 4000000004,
Arbitrum,42161,0xB2d3900807094D4Fe47405871B0C8AdB58E10D42,EOA/no-code,n/a,,,1,0,1,Original body V4 4000000007,
Arbitrum,42161,0xc6404f24DB2f573F07F3A60758765caad198c0c3,EOA/no-code,n/a,,,1,0,1,Original body V4 4000000006,
Arbitrum,42161,0xfD282d9f4d06C4BDc6a41af1Ae920A0AD70D18a3,EOA/no-code,n/a,,,1,0,1,Original body V4 4000000002,
